id,refined_local_name,parent_id,refined_local_name_p,schema,vec_datatype_numeric,vec_datatype_text,vec_datatype_date,vec_datatype_miscellaneous,vec_constraint_pk,vec_constraint_fk,vec_constraint_notnull,vec_constraint_default,vec_constraint_unique,vec_constaint_check,concept_concat_info,concept_concat_sgtrt5,concept_concat_sgtrt5_dtype_constraints,reconstruction_error_zscore_sgtrt5,reconstruction_error_zscore_glove,reconstruction_error_lof_sgtrt5,reconstruction_error_lof_glove,reconstruction_error_01lof_sgtrt5,reconstruction_error_01lof_glove,reconstruction_error_pca2_glove,reconstruction_error_pca5_glove,reconstruction_error_pca2_sgtrt5,reconstruction_error_pca5_sgtrt5,reconstruction_error_01pca2_glove,reconstruction_error_01pca5_glove,reconstruction_error_01pca40_glove,reconstruction_error_01pca2_sgtrt5,reconstruction_error_01pca5_sgtrt5,reconstruction_error_01pca55_sgtrt5,reconstruction_error_01ae_v0_glove,reconstruction_error_01ae_v0_sgtrt5,reconstruction_error_01ae_v0_glove_b10,reconstruction_error_01ae_v0_sgtrt5_b10,reconstruction_error_ensemble_AHMb,reconstruction_error_ensemble_APC
CONCEPT_3,region id,CONCEPT_2,regions,HR_ORACLE,1,0,0,0,1,0,0,0,0,0,region id:regions:HR_ORACLE,regions region id,regions region id numeric primary key,0.8674633,0.7498218640231367,1.0613786,1.00522369766382,1.054675,1.0866894988627072,0.1087629673687054,0.0661144951414209,0.0006667189,0.00034259292,0.0511139019978422,0.0432754239355434,0.0011857992855467,0.042531323,0.022463495,0.001720421,717.80005,885.342,868.33344,1066.3125,0.6223371248335093,0.5486101943650514
CONCEPT_4,region name,CONCEPT_2,regions,HR_ORACLE,0,1,0,0,0,0,0,0,0,0,region name:regions:HR_ORACLE,regions region name,regions region name text,0.93759793,0.7727787953506511,1.1238973,1.0290972467611896,1.1230073,1.10240181546831,0.0940424020579143,0.0930710854878255,0.00072765467,0.00050552405,0.0477365581309385,0.0446175193888005,0.0011741647447713,0.047439802,0.033829898,0.0022461202,700.441,938.06,854.7685,1121.8606,0.802543415400598,0.688932365213563
CONCEPT_6,country id,CONCEPT_5,countries,HR_ORACLE,0,0,0,0,1,0,0,0,0,0,country id:countries:HR_ORACLE,countries country id,countries country id primary key,0.86899716,0.7355185487995378,1.0689639,1.008052367851206,1.0745503,1.1059962912672652,0.1024682365481266,0.0640271534486467,0.0006598236,0.00035034269,0.0459387027278793,0.0404210571128705,0.0016325262191104,0.043027956,0.023194617,0.0017720858,669.043,911.4276,810.324,1096.4003,0.6573061884388474,0.575723640183996
CONCEPT_7,country name,CONCEPT_5,countries,HR_ORACLE,0,1,0,0,0,0,0,0,0,0,country name:countries:HR_ORACLE,countries country name,countries country name text,0.93888885,0.7590606473808743,1.1012939,1.0283436940958974,1.0947077,1.163457301046713,0.090500317574024,0.0901246103401046,0.00073440204,0.00054855907,0.0434796349268724,0.0413170594349591,0.0014868956146636,0.04777795,0.03667466,0.002727719,654.6721,947.2551,800.6881,1138.1232,0.8024978313500838,0.6814828355767306
CONCEPT_8,region id,CONCEPT_5,countries,HR_ORACLE,1,0,0,0,0,1,0,0,0,0,region id:countries:HR_ORACLE,countries region id,countries region id numeric foreign key,0.88388747,0.8855664369240837,1.0606996,1.0911064331361071,1.0597782,1.1505814631928115,0.154604867912326,0.1201950641763359,0.00066484604,0.0003065992,0.0563868470277255,0.0503030515792271,0.0019344240852223,0.04373959,0.020762118,0.0022116108,736.94556,903.5758,887.9712,1092.2142,0.6585828747969396,0.6370075238037914
CONCEPT_10,location id,CONCEPT_9,locations,HR_ORACLE,1,0,0,0,1,0,0,0,0,0,location id:locations:HR_ORACLE,locations location id,locations location id numeric primary key,0.8453646,0.7744147118190718,1.0417417,1.040714119536658,1.0578275,1.0675187346386052,0.1303903826587569,0.085498753683624,0.0005753665,0.0002817257,0.0407655201243848,0.0281175641044953,0.0050200174845368,0.037293885,0.01912164,0.002831336,649.94775,831.70703,783.5054,1035.5541,0.5276378541183944,0.48148971336321095
CONCEPT_11,street address,CONCEPT_9,locations,HR_ORACLE,0,1,0,0,0,0,0,0,0,0,street address:locations:HR_ORACLE,locations street address,locations street address text,0.93113256,0.8930090817239774,1.0348682,1.1135272846266282,1.0461612,1.029804633518196,0.1611608175746556,0.1547242955095564,0.00068687444,0.0005391521,0.0473467894130463,0.034875513880313,0.0066038346150726,0.044719815,0.035440292,0.0049884724,689.4391,885.56934,828.66644,1081.0518,0.6671627572093151,0.614936346015041
CONCEPT_12,postal code,CONCEPT_9,locations,HR_ORACLE,0,1,0,0,0,0,0,0,0,0,postal code:locations:HR_ORACLE,locations postal code,locations postal code text,0.89481336,0.8455037431835173,1.0243822,1.1113714939107284,1.0302799,1.0527298684088686,0.1514158192373714,0.1412686017421208,0.0006469474,0.00042444616,0.0432768876701459,0.0325553244343835,0.0019090673326964,0.041985136,0.027765846,0.0032809742,661.0675,880.3457,795.8194,1084.0146,0.6210774302040805,0.5727052776639072
CONCEPT_13,city,CONCEPT_9,locations,HR_ORACLE,0,1,0,0,0,0,0,0,0,0,city:locations:HR_ORACLE,locations city,locations city text,0.90125686,0.7265171496234374,1.0419197,1.0340302763736702,1.0377951,1.0125759913844958,0.0923893187504844,0.0865311528087214,0.0006247497,0.00041524073,0.0336972281356179,0.0244064319584574,0.0015560700031403,0.04009355,0.028141566,0.003219724,610.8986,859.83264,750.0724,1067.386,0.6166852774460521,0.5075309192681193
CONCEPT_14,state province,CONCEPT_9,locations,HR_ORACLE,0,1,0,0,0,0,0,0,0,0,state province:locations:HR_ORACLE,locations state province,locations state province text,0.92255884,0.9288588858517898,1.0866218,1.1500814166344435,1.090719,1.0512323566750366,0.206471708779775,0.1940584151503629,0.0007545154,0.0005198704,0.0513893094119691,0.0400591708369745,0.0058616886731759,0.04925893,0.035078164,0.00384342,714.4885,955.18616,849.38916,1145.5464,0.7923818348953833,0.7632643202759608
CONCEPT_15,country id,CONCEPT_9,locations,HR_ORACLE,0,0,0,0,0,1,0,0,0,0,country id:locations:HR_ORACLE,locations country id,locations country id foreign key,0.8561461,0.7419521174998297,1.0500325,1.0317196452609465,1.0463012,1.0299053376255367,0.1124876117339539,0.0875720284939661,0.0006060731,0.00025037522,0.0366819642903255,0.0263485108177051,0.0028228144934948,0.039269835,0.017021172,0.0019061798,624.2718,860.2654,763.07544,1058.9894,0.5762856386565905,0.5070298834918707
CONCEPT_17,department id,CONCEPT_16,departments,HR_ORACLE,1,0,0,0,1,0,0,0,0,0,department id:departments:HR_ORACLE,departments department id,departments department id numeric primary key,0.8384226,0.8011248924325001,1.085456,1.0227466858875311,1.0823458,1.1338908287024163,0.1323057056916076,0.0823911896419679,0.00062079815,0.00038322504,0.0421587842057959,0.0339847200376458,0.0015837885403137,0.04044308,0.025642596,0.0011450228,670.56464,893.0323,809.8785,1061.5483,0.6014413055189314,0.5729112721147627
CONCEPT_18,department name,CONCEPT_16,departments,HR_ORACLE,0,1,0,0,0,0,0,0,0,0,department name:departments:HR_ORACLE,departments department name,departments department name text,0.9069527,0.7859238606075362,1.1135806,1.0532133846001204,1.1100546,1.0954735266367033,0.1074085572366628,0.1045656738312409,0.0006550881,0.0006314515,0.0381385386897471,0.036150554767714,0.0013785182320834,0.043534815,0.04190049,0.0016583424,637.41174,944.31323,777.7102,1114.1534,0.7389101449553473,0.6536579944811612
CONCEPT_19,manager id,CONCEPT_16,departments,HR_ORACLE,1,0,0,0,0,1,0,0,0,0,manager id:departments:HR_ORACLE,departments manager id,departments manager id numeric foreign key,0.79935026,0.833080420638451,1.0861714,1.0273083690312117,1.0876635,1.1368662295525764,0.1337946257880796,0.0832846335737602,0.0005444875,0.00034892335,0.0440056274137831,0.0347163840729577,0.0046453437214586,0.035584282,0.023761444,0.0031460423,691.7728,866.3659,823.92267,1033.2765,0.5195579542942512,0.534352663067329
CONCEPT_20,location id,CONCEPT_16,departments,HR_ORACLE,1,0,0,0,0,1,0,0,0,0,location id:departments:HR_ORACLE,departments location id,departments location id numeric foreign key,0.77925926,0.8086735493971666,1.0447375,1.0286903060242971,1.0450104,1.1574838251342252,0.1359750717238278,0.0860716900373531,0.00049294764,0.00028415455,0.0438749392432004,0.0343496333777813,0.0054602316686599,0.032418832,0.01899211,0.002890167,679.362,824.6143,812.0623,1003.22754,0.42204995112959065,0.43985975819216355
CONCEPT_22,job id,CONCEPT_21,jobs,HR_ORACLE,0,1,0,0,1,0,0,0,0,0,job id:jobs:HR_ORACLE,jobs job id,jobs job id text primary key,0.79530936,0.9109131966366936,1.0294554,1.05901192511994,1.0402695,1.2194392156824212,0.1534201600441241,0.0902661197708335,0.00046650865,0.0002644021,0.0519559425463288,0.0353243635463586,0.0027002999934833,0.030731803,0.017015183,0.0036951222,775.2851,829.7315,917.1183,1019.4104,0.4274341004860075,0.4818625042871988
CONCEPT_23,job title,CONCEPT_21,jobs,HR_ORACLE,0,1,0,0,0,0,0,0,0,0,job title:jobs:HR_ORACLE,jobs job title,jobs job title text,0.8773574,0.9459904381925294,1.0632453,1.1345035581647815,1.0634351,1.3366323085402716,0.1656969994170464,0.131671156840414,0.0005597097,0.00054727675,0.052904953530692,0.0464307774964693,0.0036203421392508,0.03755984,0.036325123,0.001835484,781.3598,876.7569,919.106,1069.5619,0.5974160518081258,0.6090629461275916
CONCEPT_24,min salary,CONCEPT_21,jobs,HR_ORACLE,1,0,0,0,0,0,0,0,0,0,min salary:jobs:HR_ORACLE,jobs min salary,jobs min salary numeric,0.96504015,1.0467942018583385,1.1393908,1.2523059151265576,1.1378328,1.3298728676084908,0.2219189567547745,0.1866727143013132,0.00065788144,0.00062086777,0.0631608302385016,0.0572429467493654,0.0040569174252704,0.043148696,0.040759508,0.0042840065,826.75867,969.3602,948.4407,1138.5095,0.8280698895897126,0.8238625853548939
CONCEPT_25,max salary,CONCEPT_21,jobs,HR_ORACLE,1,0,0,0,0,0,0,0,0,0,max salary:jobs:HR_ORACLE,jobs max salary,jobs max salary numeric,0.964513,1.00393574947106,1.1403096,1.2448261437199084,1.1388897,1.3511041535120245,0.2067133677516357,0.1761428186617348,0.0006956525,0.00065298163,0.0605791153549377,0.0556099449707231,0.0046952362928525,0.046086237,0.04349415,0.004196127,812.0725,965.8556,940.92303,1145.1895,0.8480977230282966,0.8240562917840079
CONCEPT_27,employee id,CONCEPT_26,employees,HR_ORACLE,1,0,0,0,1,0,0,0,0,0,employee id:employees:HR_ORACLE,employees employee id,employees employee id numeric primary key,0.77831936,0.6131269380548626,0.99821246,0.9897391409124414,1.0056578,0.9998103922517296,0.077649426759505,0.0357880249122594,0.00038493975,0.00013356953,0.018667939084683,0.0125164940123071,0.0011946908665197,0.025523067,0.009098203,0.0019934445,565.7036,781.36334,714.9284,981.3291,0.32261521271804006,0.24887003345905923
CONCEPT_28,first name,CONCEPT_26,employees,HR_ORACLE,0,1,0,0,0,0,0,0,0,0,first name:employees:HR_ORACLE,employees first name,employees first name text,0.8200728,0.7538087956235495,0.999069,1.0413068761582582,1.0011984,0.9974220017132068,0.0958703458655214,0.0778693754122061,0.00037999699,0.00025153827,0.0252745321776779,0.018594554680469,0.0024989667063414,0.024533542,0.016614629,0.0024936511,598.1836,798.65784,759.36554,1004.65985,0.3748931532944453,0.3373134792530601
CONCEPT_29,last name,CONCEPT_26,employees,HR_ORACLE,0,1,0,0,0,0,0,0,0,0,last name:employees:HR_ORACLE,employees last name,employees last name text,0.799984,0.7344605985315682,1.0025342,1.009779553602926,1.0021839,0.9984069729708624,0.089858380789025,0.0726000055579217,0.00037402372,0.0002596793,0.0232142236020342,0.0172387276842996,0.0032825751794625,0.02396071,0.016980765,0.0030870559,580.91956,784.4328,739.15894,999.0435,0.3557286164828237,0.3235485040680864
CONCEPT_30,email,CONCEPT_26,employees,HR_ORACLE,0,1,0,0,0,0,0,0,0,0,email:employees:HR_ORACLE,employees email,employees email text,0.87114686,0.7112159174129928,1.015505,1.0093446674392414,1.0162153,1.0037837327240036,0.0899246506511269,0.0717658436577822,0.00044402943,0.0003127162,0.0210899376363087,0.014372678852544,0.0028658859816251,0.029081514,0.021187043,0.0005556139,569.35046,827.3707,736.32855,1026.4487,0.46951820704605096,0.3749183093972246
CONCEPT_31,phone number,CONCEPT_26,employees,HR_ORACLE,0,1,0,0,0,0,0,0,0,0,phone number:employees:HR_ORACLE,employees phone number,employees phone number text,0.8621548,0.8574430051053507,1.0073572,1.0564947420364992,1.0071133,1.0038636428401282,0.1503196386607261,0.1311711264031803,0.00046840947,0.0003088692,0.0335877044484722,0.0271408876774445,0.003632728336767,0.03038918,0.020884773,0.002534302,645.26184,827.32916,804.8291,1027.7375,0.4657093287245352,0.44658310909748256
CONCEPT_32,hire date,CONCEPT_26,employees,HR_ORACLE,0,0,1,0,0,0,0,0,0,0,hire date:employees:HR_ORACLE,employees hire date,employees hire date date,0.92595977,0.8677041106936271,1.068578,1.0613973919412627,1.0735682,1.0163583210594054,0.1629626997514631,0.1303100886287097,0.0005893399,0.0004683295,0.0353114483233127,0.0282098496646629,0.0076524897251022,0.03898556,0.031036153,0.0066086673,655.838,906.4579,809.1916,1128.5654,0.7056547287493826,0.6452328722532115
CONCEPT_33,job id,CONCEPT_26,employees,HR_ORACLE,0,1,0,0,0,1,0,0,0,0,job id:employees:HR_ORACLE,employees job id,employees job id text foreign key,0.7629361,0.7733117173261663,1.0069354,1.014782216873651,1.0152798,0.9958741799522274,0.1179638198695412,0.0586447897239877,0.00031842382,0.00011715543,0.0249291180154326,0.016568987746359,0.0028022358613861,0.021750495,0.00800378,0.0031579167,625.23224,765.635,776.69183,969.5433,0.2843938210501624,0.29732711915110244
CONCEPT_34,salary,CONCEPT_26,employees,HR_ORACLE,1,0,0,0,0,0,0,0,0,0,salary:employees:HR_ORACLE,employees salary,employees salary numeric,0.9678526,0.7566283805795585,1.011534,1.0344768250329397,1.013337,1.0083331055684064,0.1094443276382408,0.0653051346039809,0.0005524221,0.00039546657,0.0252158789069294,0.0189311207935924,0.0057168565778241,0.03583342,0.02633881,0.0039350227,604.82025,907.6609,750.6133,1123.8284,0.6696388541355135,0.5265337564317074
CONCEPT_35,commission pct,CONCEPT_26,employees,HR_ORACLE,1,0,0,0,0,0,0,0,0,0,commission pct:employees:HR_ORACLE,employees commission pct,employees commission pct numeric,0.95517844,0.92673921870609,1.1996907,1.1768013750248665,1.1988356,1.064532714076374,0.2053562471472708,0.1586255709825074,0.0007057869,0.00064025726,0.0400339455818924,0.033881074632157,0.0148875612315929,0.04702096,0.042463854,0.0023486542,691.69543,951.21466,834.1747,1149.482,0.8999873795694565,0.8462837679630072
CONCEPT_36,manager id,CONCEPT_26,employees,HR_ORACLE,1,0,0,0,0,1,0,0,0,0,manager id:employees:HR_ORACLE,employees manager id,employees manager id numeric foreign key,0.8139575,0.7881346579336395,1.024629,1.0008576945534329,1.0225451,0.9911126305198468,0.1213239326937095,0.0650554916724136,0.00046268004,0.00025206702,0.0272404219445048,0.0184062953395871,0.0055086852005551,0.030557213,0.017193848,0.003945993,639.348,828.7739,791.4607,1017.8898,0.4339581581054694,0.4169909608844784
CONCEPT_37,department id,CONCEPT_26,employees,HR_ORACLE,1,0,0,0,0,1,0,0,0,0,department id:employees:HR_ORACLE,employees department id,employees department id numeric foreign key,0.74614364,0.7551537939502517,1.0243173,1.0109351311962247,1.03291,0.9956790904323608,0.1195053036387255,0.0634214973013131,0.00036942007,0.00020002048,0.0248840992042972,0.0177917168666819,0.0039106593381355,0.024459414,0.013476357,0.0027324746,617.2509,773.66345,776.0841,963.60864,0.298865814245454,0.3153766079322304
CONCEPT_39,employee id,CONCEPT_38,job history,HR_ORACLE,1,0,0,0,0,1,0,0,0,0,employee id:job history:HR_ORACLE,job history employee id,job history employee id numeric foreign key,0.7767108,0.979385773283998,1.0130749,1.1623464531856702,1.0129892,1.229496604288678,0.2175102719173089,0.1263894543881308,0.00037716856,0.00022917014,0.0691054177111009,0.0295065687801578,0.0036539200128893,0.025878603,0.015022538,0.0023854906,837.0126,805.00867,975.75,1016.88,0.36664736411243787,0.46682071183619017
CONCEPT_40,start date,CONCEPT_38,job history,HR_ORACLE,0,0,1,0,0,0,0,0,0,0,start date:job history:HR_ORACLE,job history start date,job history start date date,0.91181785,1.0420517628212476,1.0789988,1.181824716570646,1.1035669,1.2603464853904696,0.236246665271281,0.1979967554009361,0.00060978596,0.00057622977,0.0739377300814476,0.0589893461499164,0.0037755302907126,0.039951593,0.03763246,0.0044462592,853.20013,907.4166,980.7607,1123.8779,0.7067776143532948,0.7388169418641299
CONCEPT_41,end date,CONCEPT_38,job history,HR_ORACLE,0,0,1,0,0,0,0,0,0,0,end date:job history:HR_ORACLE,job history end date,job history end date date,0.910873,1.0600255500348394,1.0800987,1.1707645065947705,1.0819875,1.2704200113878723,0.2484806084824216,0.2086074945738508,0.00059688167,0.00056504284,0.0762613088547253,0.0624929188305804,0.0034656744151906,0.04000018,0.037654568,0.0059508383,854.4704,892.3305,987.46063,1108.5507,0.687441845431141,0.7286421671690113
CONCEPT_42,job id,CONCEPT_38,job history,HR_ORACLE,0,1,0,0,0,1,0,0,0,0,job id:job history:HR_ORACLE,job history job id,job history job id text foreign key,0.8116496,0.9909342833226196,1.0547186,1.165542713572026,1.0918456,1.211230341341918,0.2146630756956191,0.1144549802906124,0.0004822968,0.0003683731,0.0688124482114337,0.031274826892571,0.0031252108406997,0.031993177,0.023757959,0.0018114283,842.9401,837.6427,977.2939,1042.0945,0.48876574071671813,0.5691229923434191
CONCEPT_43,department id,CONCEPT_38,job history,HR_ORACLE,1,0,0,0,0,1,0,0,0,0,department id:job history:HR_ORACLE,job history department id,job history department id numeric foreign key,0.8164642,0.9727763599467052,1.0542562,1.172694468947877,1.0538251,1.228115467431551,0.214986900863394,0.1300573475379282,0.00049406965,0.00037409354,0.0684851733142134,0.0311551457815365,0.002755531227653,0.032531742,0.024364961,0.0024377129,830.62537,845.8346,976.4302,1038.445,0.4923021422393771,0.5606134413440047
CONCEPT_46,customer id,CONCEPT_45,customers,OC_ORACLE,1,0,0,0,1,0,0,0,0,0,customer id:customers:OC_ORACLE,customers customer id,customers customer id numeric primary key,0.65374213,0.532706372925975,0.97429144,0.9827737597021972,0.9720673,0.9813222128877828,0.0626963811279145,0.0363023565611001,0.00032630016,8.011408e-05,0.0228922305333442,0.0178179328047237,0.0012623494007012,0.020665625,0.005356522,0.0014450507,530.56635,746.06067,661.1182,954.6214,0.16542357101148236,0.1438241964386986
CONCEPT_47,email address,CONCEPT_45,customers,OC_ORACLE,0,1,0,0,0,0,0,0,0,0,email address:customers:OC_ORACLE,customers email address,customers email address text,0.7891555,0.8092311969697583,1.0159634,1.0794508581512905,1.0192794,1.0021942651643725,0.1549658218123161,0.1521753243718595,0.00051549,0.00032561133,0.0411902730781315,0.0314387359511257,0.0035551243116346,0.0343549,0.021887163,0.0023716798,640.75146,814.9558,781.81635,1015.0696,0.4240128793773865,0.434930026733705
CONCEPT_48,full name,CONCEPT_45,customers,OC_ORACLE,0,1,0,0,0,0,0,0,0,0,full name:customers:OC_ORACLE,customers full name,customers full name text,0.74413395,0.63379926528764,1.0000492,1.0126889609612857,1.0008721,1.00516767488637,0.0857580062416959,0.0719804092859076,0.0004958848,0.0002519325,0.028187414626012,0.0183230878546507,0.0060279862589369,0.031840578,0.016671173,0.005682574,557.3311,785.683,684.1294,987.2502,0.3435661406321946,0.3042900913484125
CONCEPT_50,store id,CONCEPT_49,stores,OC_ORACLE,1,0,0,0,1,0,0,0,0,0,store id:stores:OC_ORACLE,stores store id,stores store id numeric primary key,0.7564457,0.6393024274706169,1.0597854,0.99747286030104,1.0697675,1.0435181765425428,0.0835084355190824,0.0458542139889814,0.0005139404,0.000319878,0.0359233723884833,0.0183199537693775,0.0023219025651748,0.033424255,0.021586386,0.0020046756,611.3509,800.184,744.72626,982.98706,0.4056872618819375,0.3601046460646222
CONCEPT_51,store name,CONCEPT_49,stores,OC_ORACLE,0,1,0,0,0,0,0,0,0,0,store name:stores:OC_ORACLE,stores store name,stores store name text,0.8081419,0.6622593587981314,1.0615313,1.0082312384895142,1.0622045,1.0517508449175703,0.0723523894793093,0.067133133476919,0.0005115305,0.00047749432,0.0315182191219671,0.0161405538227294,0.0021916008029306,0.034337297,0.03222674,0.0032902649,591.572,815.5588,730.49603,998.4367,0.4590014606485321,0.3868670273460918
CONCEPT_52,web address,CONCEPT_49,stores,OC_ORACLE,0,1,0,0,0,0,0,0,0,0,web address:stores:OC_ORACLE,stores web address,stores web address text,0.89004105,0.837782861086177,1.1147456,1.1473891904434872,1.1195796,1.046383160117898,0.1369999966718246,0.1300823248086846,0.00066548836,0.0005934702,0.042822692513584,0.0248293706502977,0.0056914807134068,0.044617254,0.039599773,0.003468455,669.44507,916.57153,807.81714,1120.4432,0.7374814488191788,0.6889182642543886
CONCEPT_53,physical address,CONCEPT_49,stores,OC_ORACLE,0,1,0,0,0,0,0,0,0,0,physical address:stores:OC_ORACLE,stores physical address,stores physical address text,0.84559965,0.8394059949468349,1.0518534,1.1857032056336394,1.0565051,1.0282156048519708,0.1477587810674247,0.1402579932224884,0.0005952294,0.0005164671,0.0444435955204804,0.027163474508332,0.0068667365784919,0.040372718,0.034928653,0.004139238,660.02014,863.61334,789.16437,1064.694,0.5721204583219004,0.5564571740325325
CONCEPT_54,latitude,CONCEPT_49,stores,OC_ORACLE,1,0,0,0,0,0,0,0,0,0,latitude:stores:OC_ORACLE,stores latitude,stores latitude numeric,0.8867738,0.8290985027270112,1.0550445,1.1522021213324145,1.0580367,1.0757901470333509,0.1255010307915104,0.1182795462216909,0.0006431511,0.00051775906,0.0450526335950111,0.0283983936752729,0.0053773648803575,0.04310897,0.03467984,0.003713254,678.3489,882.8021,820.66064,1071.0883,0.6274658993898043,0.5771689684696202
CONCEPT_55,longitude,CONCEPT_49,stores,OC_ORACLE,1,0,0,0,0,0,0,0,0,0,longitude:stores:OC_ORACLE,stores longitude,stores longitude numeric,0.90410733,0.8419026557911501,1.0683157,1.1770341661992345,1.0806316,1.0752172891261178,0.1335225185704282,0.12768417128473,0.0006734336,0.00051956973,0.0446603821663238,0.027768512447327,0.0054870238178188,0.044136602,0.034141827,0.00395182,668.51404,883.1226,807.43787,1075.8677,0.6665376662247497,0.6097467636436331
CONCEPT_56,logo,CONCEPT_49,stores,OC_ORACLE,0,0,0,1,0,0,0,0,0,0,logo:stores:OC_ORACLE,stores logo,stores logo miscellaneous,0.871085,0.7803875814588777,1.1180255,1.0761742753462633,1.1135991,1.0869786285085168,0.1036199332261224,0.0944673362360483,0.00062271004,0.00061140215,0.039518659910193,0.0218043605403405,0.0046808303356962,0.040452827,0.039380044,0.0031881363,649.4425,881.67645,796.9326,1060.2941,0.6523978094421029,0.5904692398480992
CONCEPT_57,logo mime type,CONCEPT_49,stores,OC_ORACLE,0,1,0,0,0,0,0,0,0,0,logo mime type:stores:OC_ORACLE,stores logo mime type,stores logo mime type text,0.9016919,0.993573542428708,1.1576283,1.2397532094785468,1.1526296,1.1234256638544105,0.2306370668878563,0.1798371496315486,0.0006266189,0.00061709835,0.0550119138723343,0.0353808357280943,0.0029795349464651,0.041084114,0.039968226,0.0012389739,747.74524,912.4723,894.2627,1099.015,0.7480913675487403,0.7645864777628603
CONCEPT_58,logo filename,CONCEPT_49,stores,OC_ORACLE,0,1,0,0,0,0,0,0,0,0,logo filename:stores:OC_ORACLE,stores logo filename,stores logo filename text,0.86890984,0.8966430820849649,1.1140525,1.1489291989404733,1.1285332,1.114094860267398,0.1689774409148179,0.1349722694805891,0.00056733686,0.00055856945,0.0462505816236935,0.0271775118531295,0.006872747761044,0.038843077,0.03792202,0.0029283185,710.3572,878.5993,854.8272,1053.3942,0.6215129086925513,0.6159920395622263
CONCEPT_59,logo charset,CONCEPT_49,stores,OC_ORACLE,0,1,0,0,0,0,0,0,0,0,logo charset:stores:OC_ORACLE,stores logo char set,stores logo char set text,0.8737936,0.980304618736908,1.137986,1.2595428335686527,1.134752,1.1126451732388318,0.225864753547108,0.1843332827861304,0.0006283009,0.00060023856,0.0549842644232203,0.0341463231125811,0.0042992480655344,0.04124434,0.03927851,0.0020999901,772.743,876.4453,920.95874,1076.0111,0.6889268503168919,0.7193357946574773
CONCEPT_60,logo last updated,CONCEPT_49,stores,OC_ORACLE,0,0,1,0,0,0,0,0,0,0,logo last updated:stores:OC_ORACLE,stores logo last updated,stores logo last updated date,0.8567953,0.9695636903504686,1.1140206,1.2689885681877764,1.1128106,1.09226532287085,0.2195279623315876,0.2006642741692308,0.0006020831,0.0005825293,0.0566107151725646,0.0401240118291869,0.0024261314216107,0.039749797,0.03838881,0.002311837,760.04285,866.8187,904.3675,1046.1995,0.6175928913687627,0.6552265852465925
CONCEPT_62,product id,CONCEPT_61,products,OC_ORACLE,1,0,0,0,1,0,0,0,0,0,product id:products:OC_ORACLE,products product id,products product id numeric primary key,0.69311446,0.5887913276542864,0.99348205,0.9648762080571028,0.9944245,0.988360035976974,0.0679427465693912,0.0293696406675975,0.0003092003,0.00010288911,0.0186310972319525,0.0123203425835454,0.0015285193162529,0.019708373,0.00676386,0.0015249024,576.4144,742.92456,696.12415,930.09503,0.18021071736751806,0.15659625020819384
CONCEPT_63,product name,CONCEPT_61,products,OC_ORACLE,0,1,0,0,0,0,0,0,0,0,product name:products:OC_ORACLE,products product name,products product name text,0.767083,0.6117482589818009,0.9939085,0.974339999988685,0.99305993,0.9840381340106644,0.064143196769602,0.0390428776826283,0.00020196677,0.00018045884,0.0114804339618145,0.0094890339653518,0.0017283655352889,0.013336539,0.011904307,0.0013010635,556.1167,756.5707,680.7555,944.6081,0.21143947406806318,0.14516869634442
CONCEPT_64,unit price,CONCEPT_61,products,OC_ORACLE,1,0,0,0,0,0,0,0,0,0,unit price:products:OC_ORACLE,products unit price,products unit price numeric,0.8421993,0.7999109724732645,1.0425895,1.1428712170252988,1.0429002,1.0099664525767929,0.1557280616710181,0.11398056338141,0.00042723454,0.0003968334,0.0271951841794532,0.0241365011635865,0.0023610902344233,0.028837599,0.026987597,0.0018314883,644.3663,843.8185,756.92065,1015.1399,0.45483955193867737,0.42300611795792964
CONCEPT_65,product details,CONCEPT_61,products,OC_ORACLE,0,0,0,1,0,0,0,0,0,0,product details:products:OC_ORACLE,products product details,products product details miscellaneous,0.74232775,0.6443644674240466,0.99540263,0.9776805778960996,0.9951655,0.9952604569739092,0.0698213259796004,0.053625441228903,0.00024845745,0.00023752112,0.0155822965804935,0.0132328424223207,0.0074608544800153,0.01669615,0.015930464,0.0032398615,577.1468,787.81256,696.3872,983.37213,0.2491548727632784,0.21616818512305272
CONCEPT_66,product image,CONCEPT_61,products,OC_ORACLE,0,0,0,1,0,0,0,0,0,0,product image:products:OC_ORACLE,products product image,products product image miscellaneous,0.79818887,0.7135659917107186,0.9967823,0.9921692880358502,0.9983486,1.005698130510409,0.0873592803474935,0.0455738427542802,0.00026227767,0.00025140413,0.0148334656476691,0.0127866879550934,0.0033885779225137,0.017183574,0.016599054,0.0028318164,592.39655,794.0333,730.72064,979.7721,0.2919353022920649,0.2511977170720476
CONCEPT_67,image mime type,CONCEPT_61,products,OC_ORACLE,0,1,0,0,0,0,0,0,0,0,image mime type:products:OC_ORACLE,products image mime type,products image mime type text,0.8872706,0.981487220412693,1.0980984,1.2864166798603949,1.0949032,1.0922093444655452,0.2671430907164412,0.1527301465496853,0.00051669177,0.00051379646,0.0350697583920474,0.0334220411634126,0.0034404842342149,0.034145948,0.033937905,0.0014721473,731.2955,896.7176,867.64844,1092.1078,0.6419139607690632,0.6631358758105479
CONCEPT_68,image filename,CONCEPT_61,products,OC_ORACLE,0,1,0,0,0,0,0,0,0,0,image filename:products:OC_ORACLE,products image filename,products image filename text,0.8020045,0.8695276193424352,1.026347,1.1525526933090688,1.0313166,1.0092707061215225,0.1888972406325149,0.1033846203051374,0.00037686914,0.00036582036,0.0250558270088667,0.023329081348042,0.0064382131484494,0.025998482,0.025400616,0.0020231975,688.2555,828.0937,820.45825,1015.7091,0.39505348337417034,0.42512024800946746
CONCEPT_69,image charset,CONCEPT_61,products,OC_ORACLE,0,1,0,0,0,0,0,0,0,0,image charset:products:OC_ORACLE,products image char set,products image char set text,0.86825705,0.9261489288554904,1.1076113,1.2501565505531296,1.1091017,1.0357785401490311,0.2246836341988529,0.1183016906257324,0.0005329765,0.00052973925,0.0286968501987186,0.02718174356992,0.0051955831759781,0.035967547,0.035698507,0.0014364352,719.79803,882.7141,855.9881,1092.1075,0.6419338020311185,0.6508021401117262
CONCEPT_70,image last updated,CONCEPT_61,products,OC_ORACLE,0,0,1,0,0,0,0,0,0,0,image last updated:products:OC_ORACLE,products image last updated,products image last updated date,0.78906804,0.916097744864878,1.04415,1.287323315293753,1.050064,1.0513260920238598,0.2261634801903281,0.1564088793212949,0.00040154104,0.00039394712,0.0335563336757799,0.0310346565929332,0.0027896928139035,0.027124844,0.026675263,0.0023169997,707.9542,800.4869,840.6793,982.76404,0.3769072439290071,0.43829399385377865
CONCEPT_72,order id,CONCEPT_71,orders,OC_ORACLE,1,0,0,0,1,0,0,0,0,0,order id:orders:OC_ORACLE,orders order id,orders order id numeric primary key,0.7017811,0.6831568003713185,0.97485214,1.0056263055038928,0.9754642,1.026164560384424,0.0893891003285994,0.0383440896345457,0.00020373461,0.00011914483,0.0295130827097321,0.0158006517394888,0.0018307135482728,0.012889716,0.0080947215,0.0019428631,579.75665,742.90125,717.63885,936.76843,0.1407475208390221,0.15537636207391728
CONCEPT_73,order datetime,CONCEPT_71,orders,OC_ORACLE,0,0,1,0,0,0,0,0,0,0,order datetime:orders:OC_ORACLE,orders order date time,orders order date time date,0.80148506,0.9261066473200572,1.0559624,1.1746512022563076,1.0536252,1.0555604151167526,0.1922558027823863,0.1311868767304039,0.0004769493,0.0002927183,0.052377457450657,0.0318182216181187,0.0040323727157421,0.03100352,0.01951621,0.0075230175,686.50256,803.14386,833.7001,996.8263,0.43590240027167604,0.4930317145063079
CONCEPT_74,customer id,CONCEPT_71,orders,OC_ORACLE,1,0,0,0,0,1,0,0,0,0,customer id:orders:OC_ORACLE,orders customer id,orders customer id numeric foreign key,0.64233524,0.7240514014984761,0.9841925,1.0202489528216103,0.98273236,1.0331978366259842,0.1127191382904635,0.0491519079357941,0.00010543476,8.092005e-05,0.0324550610288795,0.0186620588973933,0.0018797250597614,0.0068282187,0.005393807,0.0019639537,608.2976,719.4116,739.81866,928.851,0.06406188653875057,0.14096332473438472
CONCEPT_75,order status,CONCEPT_71,orders,OC_ORACLE,0,1,0,0,0,0,0,0,0,0,order status:orders:OC_ORACLE,orders order status,orders order status text,0.78327066,0.7467529602819147,1.0549251,1.0406035713501758,1.0536888,1.0432632506605457,0.1226884563264145,0.0769030000808878,0.0004360172,0.0002738708,0.0361903838147804,0.0203165458209665,0.0053292433403739,0.027951896,0.017884592,0.0012702455,594.4861,777.9519,732.2302,943.59247,0.35512470026141146,0.3408275361234307
CONCEPT_76,store id,CONCEPT_71,orders,OC_ORACLE,1,0,0,0,0,1,0,0,0,0,store id:orders:OC_ORACLE,orders store id,orders store id numeric foreign key,0.6524496,0.7119954841782117,0.97964257,1.0271744032228824,0.9817108,1.0405580088851691,0.1125427873595519,0.056212022946734,0.00025683627,0.00017877451,0.0333785627008004,0.0201146080649562,0.0040564505237892,0.016720342,0.012186408,0.002025162,608.84717,714.4084,741.41437,910.5377,0.10156561433090767,0.16546716336930894
CONCEPT_78,shipment id,CONCEPT_77,shipments,OC_ORACLE,1,0,0,0,1,0,0,0,0,0,shipment id:shipments:OC_ORACLE,shipments shipment id,shipments shipment id numeric primary key,0.7833416,0.726022896797507,1.11268,0.981411557629784,1.1114898,1.0655068523575304,0.1084208075138195,0.0499718778796942,0.00052381837,0.0003920193,0.0481750217109231,0.0349980183620931,0.0017101675230704,0.034218013,0.026274642,0.0022066531,669.42633,801.9709,800.30756,958.75244,0.4499330679624034,0.4258067401939619
CONCEPT_79,store id,CONCEPT_77,shipments,OC_ORACLE,1,0,0,0,0,1,0,0,0,0,store id:shipments:OC_ORACLE,shipments store id,shipments store id numeric foreign key,0.7494653,0.8400935468958124,1.0972086,1.0616230296494005,1.0957625,1.0795218218179816,0.1497588897562927,0.0791801153655356,0.0004777629,0.0003673795,0.0561295011008806,0.0398167474453265,0.0034635007648537,0.03148402,0.02459617,0.0023040965,711.56366,760.3916,844.5154,927.87134,0.36578142449189704,0.4199544452268012
CONCEPT_80,customer id,CONCEPT_77,shipments,OC_ORACLE,1,0,0,0,0,1,0,0,0,0,customer id:shipments:OC_ORACLE,shipments customer id,shipments customer id numeric foreign key,0.68745613,0.8521494642160768,1.0403662,1.054750244261522,1.0406933,1.0718548198616409,0.1536562527949161,0.0795856332427232,0.00033494807,0.00031061855,0.0561529760109019,0.0385630448197326,0.002106585538254,0.02223513,0.020822061,0.0021384456,713.1659,735.3741,843.3197,909.6913,0.20502140137882202,0.3097179665532996
CONCEPT_81,delivery address,CONCEPT_77,shipments,OC_ORACLE,0,1,0,0,0,0,0,0,0,0,delivery address:shipments:OC_ORACLE,shipments delivery address,shipments delivery address text,0.8784408,0.9485570877233162,1.0844655,1.0829713871952182,1.0841088,1.1151241557653102,0.1819527697328598,0.1359934018778988,0.00069363887,0.00057415635,0.0607306118432511,0.0495930961025344,0.0048321691961259,0.045132443,0.03719403,0.003946727,744.99097,868.27545,881.0874,1036.1655,0.6295520955110953,0.6416262406556302
CONCEPT_82,shipment status,CONCEPT_77,shipments,OC_ORACLE,0,1,0,0,0,0,0,0,0,0,shipment status:shipments:OC_ORACLE,shipments shipment status,shipments shipment status text,0.89809114,0.7887322579923826,1.1534349,1.085598691688478,1.1397997,1.1942872375007725,0.1120122503844517,0.0902704423335339,0.00070615317,0.0005710908,0.0501538805133384,0.0405121926898643,0.003882474770449,0.045784343,0.037525065,0.0022919334,676.05615,862.94336,811.272,1010.30505,0.6816407430312583,0.6041207865936495
CONCEPT_84,order id,CONCEPT_83,order items,OC_ORACLE,1,0,0,0,0,1,0,0,0,0,order id:order items:OC_ORACLE,order items order id,order items order id numeric foreign key,0.7050478,0.8395902344323778,0.97895867,1.0060750175223951,0.97947425,1.096830663124265,0.090264280029059,0.064107081062611,0.00028156713,0.00017633529,0.0394183523609202,0.0258669287835819,0.0025423506454913,0.01795552,0.012169856,0.0012930878,662.7395,758.13464,831.7926,941.7296,0.1783620522291056,0.2644146985952709
CONCEPT_85,line item id,CONCEPT_83,order items,OC_ORACLE,1,0,0,0,0,0,0,0,0,0,line item id:order items:OC_ORACLE,order items line item id,order items line item id numeric,0.7386864,1.0183006740397815,1.039927,1.119260295249804,1.0407498,1.2090131249554603,0.1460549439024986,0.0963962077711965,0.00038530093,0.00030435878,0.0516743424185014,0.0379375892148521,0.0050417886032212,0.025493577,0.020957112,0.0023622003,754.53156,779.42255,917.081,960.9451,0.30969688335316503,0.45571980526569134
CONCEPT_86,product id,CONCEPT_83,order items,OC_ORACLE,1,0,0,0,0,1,0,0,0,0,product id:order items:OC_ORACLE,order items product id,order items product id numeric foreign key,0.646431,0.8487916189212257,0.9853638,1.005555479425417,0.98284113,1.1244324021691765,0.1011641643467286,0.0663309299008098,0.00020812037,0.00012014812,0.041433844136327,0.0279066009898689,0.0021774597629418,0.013182084,0.008136901,0.0013505112,686.8476,713.53455,849.66626,896.5112,0.0714637842547159,0.20424063517014812
CONCEPT_87,unit price,CONCEPT_83,order items,OC_ORACLE,1,0,0,0,0,0,0,0,0,0,unit price:order items:OC_ORACLE,order items unit price,order items unit price numeric,0.78654623,0.9665032487373804,1.0799516,1.0331938621635317,1.076053,1.1637930401000465,0.1504994194392707,0.1160537855351127,0.0005025728,0.0003799249,0.048830713946765,0.0384781898421732,0.0016896417044998,0.03279145,0.025015866,0.0016116848,716.67456,809.1686,873.6751,975.8262,0.4337440292121544,0.520729283485596
CONCEPT_88,quantity,CONCEPT_83,order items,OC_ORACLE,1,0,0,0,0,0,0,0,0,0,quantity:order items:OC_ORACLE,order items quantity,order items quantity numeric,0.7642037,0.8048412673032883,1.0409464,1.0826560690149551,1.0517162,1.0896674721278266,0.0831165073851963,0.0641460853626261,0.00043823346,0.0003101536,0.0381534209572021,0.02784968593691,0.0020912030709934,0.029649347,0.021014282,0.0017503487,647.6179,797.794,805.017,968.48895,0.35472293943002714,0.381611397364752
CONCEPT_89,shipment id,CONCEPT_83,order items,OC_ORACLE,1,0,0,0,0,1,0,0,0,0,shipment id:order items:OC_ORACLE,order items shipment id,order items shipment id numeric foreign key,0.707458,0.9053844656920278,1.0268344,1.0228288803175298,1.0235635,1.1679540264729262,0.1136972768861561,0.0815226341193199,0.00034343716,0.00022823912,0.0434331090536388,0.0300255593938187,0.0050058131133187,0.021649564,0.015131491,0.0033497398,691.419,767.2396,861.7149,933.265,0.23410735327895954,0.34945079844564403
CONCEPT_91,inventory id,CONCEPT_90,inventory,OC_ORACLE,1,0,0,0,1,0,0,0,0,0,inventory id:inventory:OC_ORACLE,inventory inventory id,inventory inventory id numeric primary key,0.8631169,0.6841424278808104,1.1000028,1.0004069886465217,1.0982896,1.1337913629150105,0.0936602131167231,0.0505834685127637,0.000662457,0.00038168704,0.0426860391896945,0.0315335203568509,0.0019609815592165,0.042316716,0.025881657,0.0014217744,640.69666,886.22455,741.20276,1067.84,0.6523448627366267,0.5507812904774292
CONCEPT_92,store id,CONCEPT_90,inventory,OC_ORACLE,1,0,0,0,0,1,0,0,0,0,store id:inventory:OC_ORACLE,inventory store id,inventory store id numeric foreign key,0.79950714,0.7982130779791157,1.0883344,1.0341845755141044,1.0991374,1.1565328948986493,0.1326453604505306,0.0814607877463581,0.0005762168,0.00035183504,0.0504502006227045,0.0364741981625266,0.0033417467631394,0.03677852,0.023578381,0.0015488017,682.8662,831.8943,784.99084,1016.658,0.5160395462027816,0.514274738349816
CONCEPT_93,product id,CONCEPT_90,inventory,OC_ORACLE,1,0,0,0,0,1,0,0,0,0,product id:inventory:OC_ORACLE,inventory product id,inventory product id numeric foreign key,0.72972876,0.7775504428836338,1.0396272,1.0306010296132533,1.0356799,1.1736264982177496,0.1260528753643984,0.0802593456948885,0.00042940877,0.00021930494,0.048937843202995,0.0351068633762748,0.0013933517769945,0.02717019,0.01475663,0.0010688663,678.416,780.14215,778.70447,965.1079,0.3222809740562263,0.3612248556928671
CONCEPT_94,product inventory,CONCEPT_90,inventory,OC_ORACLE,1,0,0,0,0,0,0,0,0,0,product inventory:inventory:OC_ORACLE,inventory product inventory,inventory product inventory numeric,0.82267195,0.7428779796198349,1.0618,1.070780737581902,1.061395,1.241649289769492,0.1001651313423197,0.0931001398046179,0.00042809956,0.00039297505,0.0442564323571176,0.0413834186474484,0.0012045578213394,0.028213196,0.026208708,0.0023386192,641.66473,825.0704,739.084,1004.279,0.446752645289531,0.4021377988944258
CONCEPT_97,customernumber,CONCEPT_96,customers,OC_MYSQL,1,0,0,0,0,0,1,0,0,0,customernumber:customers:OC_MYSQL,customers customer number,customers customer number numeric not null,0.7370556,0.5557158286800262,0.99922967,0.9857431299581392,1.0013744,1.0037404703858022,0.0625954751040823,0.0560224581801235,0.00047105967,0.00020460352,0.0238270676968696,0.0165344372650544,0.0022197252284377,0.03118512,0.013859048,0.0022002144,521.1759,790.9333,650.548,990.81305,0.3327091259160498,0.261721163235501
CONCEPT_98,customername,CONCEPT_96,customers,OC_MYSQL,0,1,0,0,0,0,1,0,0,0,customername:customers:OC_MYSQL,customers customer name,customers customer name text not null,0.72833127,0.5574642506339564,1.0008477,0.986571224748882,1.002682,1.0087650211601753,0.0583000325799592,0.0529994709041128,0.0004826271,0.00013817954,0.0234564683117148,0.0133080272379527,0.0015043958309126,0.03110385,0.009249893,0.0024361156,523.09375,776.99475,654.3183,987.8491,0.3288460808771155,0.26499112039649364
CONCEPT_99,contactlastname,CONCEPT_96,customers,OC_MYSQL,0,1,0,0,0,0,1,0,0,0,contactlastname:customers:OC_MYSQL,customers contact lastname,customers contact lastname text not null,0.73631334,0.8442439719183069,1.0028313,1.1488165485104145,1.0023739,1.0021672103289798,0.1764021427658745,0.1721041930380252,0.00047557938,0.00028846847,0.0442735318167453,0.0337950770186219,0.0062238698790099,0.030905066,0.019225165,0.004279748,660.7474,791.1387,802.2577,994.6586,0.34061825490271724,0.4062587373419733
CONCEPT_100,contactfirstname,CONCEPT_96,customers,OC_MYSQL,0,1,0,0,0,0,1,0,0,0,contactfirstname:customers:OC_MYSQL,customers contact first name,customers contact first name text not null,0.75533605,0.8281903630482631,1.0039945,1.141061723622983,1.0125569,1.0102690358076718,0.1511580863976617,0.1339550695244001,0.0004949539,0.00026404145,0.0442912324915665,0.0328818369242415,0.0066043019361453,0.03246515,0.017449176,0.0037845066,659.6799,806.62836,806.25555,1004.8485,0.37211888490772227,0.4164324903828248
CONCEPT_101,phone,CONCEPT_96,customers,OC_MYSQL,0,1,0,0,0,0,1,0,0,0,phone:customers:OC_MYSQL,customers phone,customers phone text not null,0.7789796,0.6896148658096478,1.0070783,1.0139556668395426,1.0084823,0.9999168344830078,0.1029284868523986,0.0950653514258235,0.0005176409,0.00033653693,0.0313679396271583,0.0212716939563096,0.0027690763600669,0.03445111,0.023226595,0.0033906123,565.8965,793.8012,703.3688,994.32324,0.3892770746902736,0.35113199801463807
CONCEPT_102,addressline1,CONCEPT_96,customers,OC_MYSQL,0,1,0,0,0,0,1,0,0,0,addressline1:customers:OC_MYSQL,customers address line 1,customers address line 1 text not null,0.71264786,0.7913607668895936,1.0197861,1.1523589191090933,1.0179409,1.0037716703212796,0.1186646689731789,0.1029722601703649,0.00046261968,0.00036115604,0.0410695962235277,0.0299602033677241,0.0022415621005164,0.030460522,0.023286304,0.0021424072,634.3304,782.54767,754.1244,976.4989,0.3156269487027906,0.3734355367933945
CONCEPT_103,addressline2,CONCEPT_96,customers,OC_MYSQL,0,1,0,0,0,0,0,1,0,0,addressline2:customers:OC_MYSQL,customers address line 2,customers address line 2 text default,0.7285114,0.7858600081436589,1.0342482,1.1441561632466204,1.0295736,1.0025418148586076,0.1159501383633986,0.1006299011543626,0.00048541964,0.00041003685,0.0407279835971981,0.0294871156064118,0.0023296525452033,0.03232186,0.026907777,0.0017928719,630.65234,806.7505,752.68713,998.6396,0.369234799481518,0.4129783400801049
CONCEPT_104,city,CONCEPT_96,customers,OC_MYSQL,0,1,0,0,0,0,1,0,0,0,city:customers:OC_MYSQL,customers city,customers city text not null,0.79139996,0.6382359415257367,1.020572,1.0042860480461475,1.0186996,1.000322206855264,0.0831062561437898,0.0690802785577263,0.0005446168,0.00031559306,0.0290638667676708,0.0179893408601271,0.0023805900391964,0.034735274,0.020215696,0.0018322486,567.8976,823.5228,702.00104,1034.8217,0.4591467202028101,0.3877866414858148
CONCEPT_105,state,CONCEPT_96,customers,OC_MYSQL,0,1,0,0,0,0,0,1,0,0,state:customers:OC_MYSQL,customers state,customers state text default,0.74348277,0.6690611457538126,1.0131024,1.0095176094676828,1.0141104,0.9973484972549016,0.0925886983168435,0.0794930450220835,0.0004895868,0.00033860173,0.030738398770276,0.0205196946776141,0.0034142326968351,0.031530283,0.022393718,0.0026598386,565.6914,803.33545,700.1416,998.4055,0.363138342933879,0.34096531842094346
CONCEPT_106,postalcode,CONCEPT_96,customers,OC_MYSQL,0,1,0,0,0,0,0,1,0,0,postalcode:customers:OC_MYSQL,customers postal code,customers postal code text default,0.75659156,0.761740435672824,1.0312059,1.0809231894707232,1.029844,1.0069679706506038,0.139010280730694,0.134097617978359,0.00047994615,0.00036787693,0.0383304645859018,0.0305592661800967,0.0020019755573255,0.03171272,0.024034202,0.0019106264,621.0101,800.24207,752.61053,1006.4636,0.3927762019517005,0.4048391624183346
CONCEPT_107,country,CONCEPT_96,customers,OC_MYSQL,0,1,0,0,0,0,1,0,0,0,country:customers:OC_MYSQL,customers country,customers country text not null,0.76785326,0.6483311242554557,1.0126132,1.0063986455774745,1.0109183,1.0038593782527774,0.0817804232956519,0.0684117886710438,0.00053381856,0.00023569523,0.0293610997082303,0.017566039982204,0.0022032815542896,0.034826446,0.016206518,0.001992982,560.7649,823.7429,701.37585,1025.6229,0.4224852868811475,0.37291280779726255
CONCEPT_108,salesrepemployeenumber,CONCEPT_96,customers,OC_MYSQL,1,0,0,0,0,0,0,1,0,0,salesrepemployeenumber:customers:OC_MYSQL,customers sales rep employee number,customers sales rep employee number numeric default,0.78860694,0.9456926583492912,1.0788699,1.4222442199447995,1.0786785,1.140032487533899,0.2612657208946226,0.2413742348579352,0.00054580206,0.00039944638,0.0550688459931609,0.0496190496981608,0.0057860630646623,0.03558138,0.027070204,0.005755624,710.42883,807.54443,834.7303,984.45337,0.4577340373593067,0.5334133995416996
CONCEPT_109,creditlimit,CONCEPT_96,customers,OC_MYSQL,0,0,0,0,0,0,0,1,0,0,creditlimit:customers:OC_MYSQL,customers credit limit,customers credit limit default,0.838898,0.7821826157758135,1.0869919,1.1560278973053997,1.0944937,1.014853314013369,0.158835747819398,0.1476005101081897,0.00063421816,0.00047085682,0.0412879232009908,0.0339781739090566,0.0113081875171835,0.041734684,0.03144028,0.0046302825,646.15784,880.24945,770.4115,1082.0608,0.6279991907721763,0.5901907960139093
CONCEPT_111,employeenumber,CONCEPT_110,employees,OC_MYSQL,1,0,0,0,0,0,1,0,0,0,employeenumber:employees:OC_MYSQL,employees employee number,employees employee number numeric not null,0.82112056,0.6361363938089138,1.0158336,0.9916332537972816,1.0167525,1.0061781217908472,0.0732608239892132,0.0540518187501781,0.00041671505,0.00025739556,0.0197048369107884,0.0134375284388435,0.0019897889820861,0.027330147,0.017274337,0.0024641214,555.1666,786.1158,704.1666,976.792,0.37513830997480524,0.28129780823876704
CONCEPT_112,lastname,CONCEPT_110,employees,OC_MYSQL,0,1,0,0,0,0,1,0,0,0,lastname:employees:OC_MYSQL,employees lastname,employees lastname text not null,0.8282878,0.8042547390930206,1.0006359,1.1149489326943296,0.99892324,0.9907147780564528,0.1326655479993732,0.1148122848067935,0.00036903317,0.0002630159,0.0285196834046013,0.0213290043092467,0.0072926913953079,0.023761086,0.017474571,0.0031329251,627.13654,795.05664,784.2831,1010.7764,0.3844418467212582,0.36471627068003065
CONCEPT_113,firstname,CONCEPT_110,employees,OC_MYSQL,0,1,0,0,0,0,1,0,0,0,firstname:employees:OC_MYSQL,employees first name,employees first name text not null,0.8200728,0.7556097420040163,0.999069,1.0332295539553968,1.0011984,0.9975063501625492,0.0964878384343244,0.0783316152666861,0.00037999699,0.00025153827,0.0257855602423578,0.0183671430498272,0.0026932128747197,0.024533542,0.016614629,0.002493651,604.79895,798.65784,765.4854,1004.65985,0.3748931532944453,0.3381629420486384
CONCEPT_114,extension,CONCEPT_110,employees,OC_MYSQL,0,1,0,0,0,0,1,0,0,0,extension:employees:OC_MYSQL,employees extension,employees extension text not null,0.8617967,0.7323715311213708,1.018468,1.0075942679137488,1.0215499,0.9972349752864572,0.092493697579377,0.0750651668339292,0.00051017624,0.00043059452,0.0248570727145934,0.0180653564538972,0.0065965425449184,0.032958414,0.028226102,0.0028651857,594.1694,842.2962,749.5663,1034.1852,0.4957441211666925,0.41788364790257704
CONCEPT_115,email,CONCEPT_110,employees,OC_MYSQL,0,1,0,0,0,0,1,0,0,0,email:employees:OC_MYSQL,employees email,employees email text not null,0.87114686,0.7130168637934597,1.015505,1.008751063447881,1.0162153,1.00220791695336,0.0904581262215603,0.0720142646686782,0.00044402943,0.0003127162,0.0216017306665571,0.0141054214380013,0.0034642018587785,0.029081514,0.021187045,0.0005556138,576.0479,827.37067,742.5482,1026.4487,0.46951820704605096,0.375767772192803
CONCEPT_116,officecode,CONCEPT_110,employees,OC_MYSQL,0,1,0,0,0,0,1,0,0,0,officecode:employees:OC_MYSQL,employees office code,employees office code text not null,0.8401344,0.8162472105573959,1.019709,1.0454589041847655,1.0190111,0.996731968942514,0.1308886165042505,0.1123893278660857,0.00042114858,0.0003635659,0.0287198125150826,0.0230213609559402,0.0058901149410184,0.027774403,0.024224931,0.003243587,630.6125,833.2335,783.37775,1031.5973,0.44789874844043015,0.4252637925901465
CONCEPT_117,reportsto,CONCEPT_110,employees,OC_MYSQL,1,0,0,0,0,0,0,1,0,0,reportsto:employees:OC_MYSQL,employees reports to,employees reports to numeric default,0.94170046,0.8451264588954231,1.0391108,1.0919919629036847,1.0456625,1.0053758153635952,0.1539562703946935,0.1203284375635404,0.00055971235,0.000475347,0.0340212045109297,0.027172916851718,0.0128366504673915,0.037156135,0.032133456,0.003331653,638.2215,892.91437,777.91583,1083.7979,0.6373214026229203,0.5548685710466146
CONCEPT_118,jobtitle,CONCEPT_110,employees,OC_MYSQL,0,1,0,0,0,0,1,0,0,0,jobtitle:employees:OC_MYSQL,employees job title,employees job title text not null,0.83806705,0.8112152410399058,1.004318,1.030341353135047,1.0082021,0.9964681739713508,0.1302525275712604,0.0966368645616194,0.00042871138,0.00033345004,0.0278308679204644,0.0209816490933506,0.0043215282651276,0.0292233,0.022630773,0.0027504961,635.6592,822.5725,785.668,1035.5134,0.43968726759298726,0.4161736953294341
CONCEPT_120,officecode,CONCEPT_119,offices,OC_MYSQL,0,1,0,0,0,0,1,0,0,0,officecode:offices:OC_MYSQL,offices office code,offices office code text not null,0.86935586,0.7306074130094796,1.0650705,1.0294663656923309,1.05931,1.0648806055580209,0.0893047270128747,0.0816518117949614,0.0005821237,0.00050714635,0.033175446201849,0.0235949892523172,0.0021761059044627,0.037725188,0.032743644,0.0020840506,633.50903,878.11536,772.2645,1068.5695,0.5999404440898767,0.5157820662844167
CONCEPT_121,city,CONCEPT_119,offices,OC_MYSQL,0,1,0,0,0,0,1,0,0,0,city:offices:OC_MYSQL,offices city,offices city text not null,0.92207545,0.7705876699590261,1.0608846,1.0378571813001367,1.056743,1.04029530063704,0.0907629629076751,0.0785707319558618,0.00056690775,0.00042711137,0.0343821122180125,0.0247950948884121,0.001846441593193,0.03643618,0.02751255,0.0018718032,661.99084,899.49475,808.35236,1107.8584,0.6680546898997172,0.564634000978047
CONCEPT_122,phone,CONCEPT_119,offices,OC_MYSQL,0,1,0,0,0,0,1,0,0,0,phone:offices:OC_MYSQL,offices phone,offices phone text not null,0.8912873,0.8219665942429372,1.0626352,1.0300290698480112,1.0569553,1.0914688918260549,0.1147561184347756,0.1000559392462783,0.0005803605,0.0005421829,0.0375921396517199,0.0281406405942386,0.0024192000495432,0.038190994,0.0355224,0.0030877348,663.9531,866.4109,813.23505,1050.0978,0.5948482769614928,0.537923814547722
CONCEPT_123,addressline1,CONCEPT_119,offices,OC_MYSQL,0,1,0,0,0,0,1,0,0,0,addressline1:offices:OC_MYSQL,offices address line 1,offices address line 1 text not null,0.8373087,0.9237124953228828,1.0242922,1.1951468222766055,1.0347428,1.064383634852343,0.1195218559152344,0.1094543608384603,0.00051704346,0.00043565079,0.0478960910608439,0.0355186112077777,0.0018077282979087,0.033135753,0.028056258,0.002085942,731.98804,839.5886,863.11066,1027.4573,0.47874853671763473,0.5088455362734364
CONCEPT_124,addressline2,CONCEPT_119,offices,OC_MYSQL,0,1,0,0,0,0,0,1,0,0,addressline2:offices:OC_MYSQL,offices address line 2,offices address line 2 text default,0.8348505,0.9182117365769484,1.022613,1.201849311600373,1.0368286,1.0387904449672087,0.1167101495604426,0.1068858388792408,0.0005412069,0.00046723647,0.0474980813450533,0.0353370477492693,0.0022926634665686,0.035480108,0.030663379,0.001971189,729.65784,860.69574,861.3121,1048.196,0.5043560976743581,0.5336359767646157
CONCEPT_125,state,CONCEPT_119,offices,OC_MYSQL,0,1,0,0,0,0,0,1,0,0,state:offices:OC_MYSQL,offices state,offices state text default,0.87260586,0.8014128741871019,1.0490717,1.044563314196674,1.0472292,1.0411851688764644,0.1034886887837005,0.0884841220344193,0.0005541419,0.00042914398,0.036796371831939,0.0272751480148235,0.0034471489283082,0.03698365,0.028361594,0.0026053835,662.4275,875.1787,808.29517,1060.7053,0.5711584152072414,0.5180472766016757
CONCEPT_126,country,CONCEPT_119,offices,OC_MYSQL,0,1,0,0,0,0,1,0,0,0,country:offices:OC_MYSQL,offices country,offices country text not null,0.86251384,0.780682852688745,1.0537045,1.024061667505133,1.0503949,1.0590461447411113,0.0934740956985889,0.0793674971245704,0.0005530801,0.00041282704,0.0354100423236266,0.025024644311662,0.0018367598852696,0.03609713,0.026822543,0.0021921594,657.4356,877.8408,809.2176,1067.9182,0.5745947443284292,0.5190030080742964
CONCEPT_127,postalcode,CONCEPT_119,offices,OC_MYSQL,0,1,0,0,0,0,1,0,0,0,postalcode:offices:OC_MYSQL,offices postal code,offices postal code text not null,0.9034619,0.889574263519106,1.0732645,1.089586040255729,1.0697149,1.0696408039461678,0.1515112788745215,0.1355582423102047,0.0006018941,0.00045556013,0.0442719042397708,0.0333344051998511,0.0015916410945202,0.03949639,0.029478991,0.0015632929,714.0335,891.72534,855.2978,1087.4817,0.6571308365423614,0.6232921689041551
CONCEPT_128,territory,CONCEPT_119,offices,OC_MYSQL,0,1,0,0,0,0,1,0,0,0,territory:offices:OC_MYSQL,offices territory,offices territory text not null,0.8816259,0.7957810203895045,1.0705038,1.0354355742347223,1.0646589,1.0688278122659656,0.0992882834579453,0.0847936393559285,0.00057136844,0.00048049595,0.0373418893076212,0.0276349115432378,0.0057974463241332,0.03705856,0.0313513,0.0013330096,662.3981,879.49115,809.66675,1070.6285,0.6117976865662671,0.5495080055449424
CONCEPT_130,ordernumber,CONCEPT_129,orderdetails,OC_MYSQL,1,0,0,0,0,0,1,0,0,0,ordernumber:orderdetails:OC_MYSQL,order details order number,order details order number numeric not null,0.710896,0.8615390353549053,1.0222682,1.0350327236261974,1.0190171,1.105270003155342,0.109933500191822,0.0879183491470699,0.00032547617,0.00025964665,0.0454515058652787,0.0371825522355871,0.0011388971080507,0.02163808,0.017329134,0.0017231718,667.7556,761.57056,838.6649,956.7409,0.2496879066565867,0.34186460447346734
CONCEPT_131,productcode,CONCEPT_129,orderdetails,OC_MYSQL,0,1,0,0,0,0,1,0,0,0,productcode:orderdetails:OC_MYSQL,order details product code,order details product code text not null,0.688149,0.8910504719175736,1.0440146,1.0673761372736563,1.0392311,1.199145229615781,0.1375765500617627,0.1309416428430633,0.00033183894,0.00030940244,0.0504376438592866,0.0439240955558674,0.0035762341363934,0.022586845,0.02104105,0.0023996662,705.598,759.83966,859.23376,952.6628,0.25004505334406535,0.37258928730407026
CONCEPT_132,quantityordered,CONCEPT_129,orderdetails,OC_MYSQL,1,0,0,0,0,0,1,0,0,0,quantityordered:orderdetails:OC_MYSQL,order details quantity ordered,order details quantity ordered numeric not null,0.7525913,0.9422648363704492,1.0413994,1.0349843760953592,1.0389904,1.1716756412168177,0.1331796198219516,0.1061942353270765,0.0004107058,0.0003079235,0.0503733816270638,0.0425419543668463,0.0034897821658675,0.026972605,0.02023527,0.0023159618,710.3601,787.4617,882.0498,973.35284,0.3420325114343357,0.44213693387473335
CONCEPT_133,priceeach,CONCEPT_129,orderdetails,OC_MYSQL,0,0,0,0,0,0,1,0,0,0,priceeach:orderdetails:OC_MYSQL,order details price each,order details price each not null,0.7952096,0.9304712443259596,1.0593417,1.0589272937920076,1.0586276,1.1881098211565253,0.1500545030751734,0.1104260029825338,0.00052245735,0.0003797454,0.0519941776119491,0.0448780867475732,0.0051817709341809,0.034276772,0.025101386,0.003956268,715.1799,837.3593,870.36237,1025.7511,0.4785336418815021,0.5422592367634216
CONCEPT_134,orderlinenumber,CONCEPT_129,orderdetails,OC_MYSQL,1,0,0,0,0,0,1,0,0,0,orderlinenumber:orderdetails:OC_MYSQL,order details order line number,order details order line number numeric not null,0.7270293,1.0045033112955328,1.052284,1.1525532167885542,1.0513102,1.1346331360925863,0.1445286955184383,0.1146813199315437,0.0003721777,0.00030340688,0.0575826815639188,0.0484035946172114,0.001240697348888,0.025224552,0.020769102,0.0021864995,740.72,773.0335,912.7709,964.06824,0.3104236196001264,0.45836757577368253
CONCEPT_136,ordernumber,CONCEPT_135,orders,OC_MYSQL,1,0,0,0,0,0,1,0,0,0,ordernumber:orders:OC_MYSQL,orders order number,orders order number numeric not null,0.7012132,0.7261358793446815,0.9941352,1.0345295712585487,0.99344,1.0169525131118002,0.1054109699974424,0.0492901240066425,0.0002766615,0.00018756442,0.0338372691212849,0.0159647793532889,0.0017876448132238,0.018423978,0.01262166,0.0029034726,584.62787,736.553,721.054,919.20154,0.16464472628214255,0.1999563905524759
CONCEPT_137,orderdate,CONCEPT_135,orders,OC_MYSQL,0,0,1,0,0,0,1,0,0,0,orderdate:orders:OC_MYSQL,orders order date,orders order date date not null,0.7758046,0.7953395317465977,1.0345222,1.0401090831787776,1.036036,1.0242599934210437,0.1339308461415838,0.0778780347927669,0.00040933993,0.00020370889,0.0401445869509228,0.0198629761689711,0.001810254241827,0.026731512,0.013748874,0.0021078945,613.59424,776.87555,752.8334,971.64044,0.3507588850013471,0.3647773248374841
CONCEPT_138,requireddate,CONCEPT_135,orders,OC_MYSQL,0,0,1,0,0,0,1,0,0,0,requireddate:orders:OC_MYSQL,orders required date,orders required date date not null,0.8369279,0.7963043515607784,1.1014236,1.0533988852282528,1.1033325,1.0468695214902162,0.1390729720140973,0.1015984801267983,0.0005688945,0.00039943898,0.0403769648018064,0.0235370190032412,0.0050664993458333,0.037495505,0.026596725,0.0045774723,622.2359,872.3439,745.33984,1060.5338,0.5951544581970433,0.5654314672885302
CONCEPT_139,shippeddate,CONCEPT_135,orders,OC_MYSQL,0,0,1,0,0,0,0,1,0,0,shippeddate:orders:OC_MYSQL,orders shipped date,orders shipped date date default,0.82964057,0.85906792950592,1.1024039,1.0759225997612971,1.1092116,1.0491043381491083,0.173666834247159,0.1188466089923386,0.0005373017,0.00033327777,0.0460071462197004,0.0281749948386405,0.0054800606859438,0.035296977,0.02281419,0.0032262534,647.18463,832.7356,777.33246,1020.35144,0.5401248571684754,0.5452751863181479
CONCEPT_140,status,CONCEPT_135,orders,OC_MYSQL,0,1,0,0,0,0,1,0,0,0,status:orders:OC_MYSQL,orders status,orders status text not null,0.80114084,0.6624351416552486,1.0730504,1.0481667884695125,1.0849108,1.044033138630334,0.0924231966137701,0.0679760815631661,0.00049500744,0.00033349136,0.0337046978366705,0.020874664180795,0.0038066643014408,0.03147294,0.021635337,0.002153179,590.43756,791.16644,718.2906,955.1498,0.41533962193599683,0.34835036772492556
CONCEPT_141,comments,CONCEPT_135,orders,OC_MYSQL,0,1,0,0,0,0,0,0,0,0,comments:orders:OC_MYSQL,orders comments,orders comments text,0.79761344,0.7185682485404588,1.1094406,1.0715712014668408,1.104344,1.0550357476387535,0.1071908858116417,0.0908011778898792,0.0005293573,0.00043924138,0.0359215269761686,0.0250516866643696,0.0066908144527259,0.034993958,0.029204406,0.004538522,613.6885,833.4421,737.3342,1011.8236,0.511832908181921,0.4738708433747149
CONCEPT_142,customernumber,CONCEPT_135,orders,OC_MYSQL,1,0,0,0,0,0,1,0,0,0,customernumber:orders:OC_MYSQL,orders customer number,orders customer number numeric not null,0.69604015,0.7207456228919062,0.97539926,1.0241156914409892,0.97702944,1.0452490040080171,0.1119555343044096,0.0704745327358564,0.00024414746,0.00016293098,0.033209015355823,0.0186146842937754,0.0026525289649793,0.016569026,0.010674846,0.002269896,590.5845,741.78827,718.9961,935.76135,0.1500006885941884,0.18651038416861898
CONCEPT_144,customernumber,CONCEPT_143,payments,OC_MYSQL,1,0,0,0,0,0,1,0,0,0,customernumber:payments:OC_MYSQL,payments customer number,payments customer number numeric not null,0.8199172,0.811132964881812,1.1149114,1.0410149452348394,1.1086282,1.1515536293577555,0.1333570435520643,0.1067515305707153,0.0005460593,0.00041914269,0.0476159971649572,0.0399769261634405,0.0019993689833275,0.035791665,0.026843393,0.0025739127,698.15125,837.4255,796.2261,1036.5054,0.5627990643243588,0.5523703226651493
CONCEPT_145,checknumber,CONCEPT_143,payments,OC_MYSQL,0,1,0,0,0,0,1,0,0,0,checknumber:payments:OC_MYSQL,payments check number,payments check number text not null,0.9613614,0.7900886275508284,1.2391553,1.0444728273784487,1.2307894,1.1477996081490014,0.1176749931639403,0.0994217669036718,0.0007663973,0.0007298608,0.04719978548194,0.0397387204964093,0.0042469742724051,0.05081482,0.048500057,0.0036800054,692.3116,958.20123,795.1902,1145.9244,0.9556654841773381,0.8330363760568994
CONCEPT_146,paymentdate,CONCEPT_143,payments,OC_MYSQL,0,0,1,0,0,0,1,0,0,0,paymentdate:payments:OC_MYSQL,payments payment date,payments payment date date not null,0.9226571,0.8004596384343038,1.1746806,1.0596057010877833,1.1686351,1.1568072687211388,0.1232038808772328,0.1033915979190836,0.00073166797,0.0006328568,0.047376974888908,0.0392189651933437,0.0022539643077362,0.047527,0.041925002,0.003075509,691.354,910.6704,794.80786,1118.1458,0.8329856066131288,0.7432342273292213
CONCEPT_147,amount,CONCEPT_143,payments,OC_MYSQL,0,0,0,0,0,0,1,0,0,0,amount:payments:OC_MYSQL,payments amount,payments amount not null,0.9576041,0.7859703800995274,1.2652787,1.047616115249305,1.2558388,1.1666960153986714,0.1190468252855127,0.0927841690412371,0.00080623175,0.0007050801,0.0471529837274125,0.0407859181522324,0.0035854674560813,0.05207804,0.046057265,0.004174993,693.82697,932.04144,785.60077,1129.5419,0.9728835892240514,0.851028799851461
CONCEPT_149,productline,CONCEPT_148,productlines,OC_MYSQL,0,1,0,0,0,0,1,0,0,0,productline:productlines:OC_MYSQL,product lines product line,product lines product line text not null,0.8587346,0.9073205161908674,1.0464903,1.1646510786684137,1.0473372,1.2007839251142656,0.1755380961186372,0.1196849341692623,0.00042537754,0.00039830394,0.046989153354542,0.0454639858772292,0.003428009347609,0.027890587,0.026393255,0.0016653888,749.66034,855.9329,879.18317,1043.9468,0.4979681288555964,0.5048409723215268
CONCEPT_150,textdescription,CONCEPT_148,productlines,OC_MYSQL,0,1,0,0,0,0,0,1,0,0,textdescription:productlines:OC_MYSQL,product lines text description,product lines text description text default,0.8159979,0.920694062947124,1.0318897,1.2078330629359857,1.0297745,1.2302701530701896,0.1922844825285908,0.121434768307567,0.00039481837,0.0003674681,0.0484934128603045,0.0468949897029933,0.0057425321464876,0.026121026,0.024614183,0.0047096293,765.1704,813.50336,894.94354,1012.6552,0.4130922814604783,0.45717479052107024
CONCEPT_151,htmldescription,CONCEPT_148,productlines,OC_MYSQL,0,1,0,0,0,0,0,0,0,0,htmldescription:productlines:OC_MYSQL,product lines html description,product lines html description text,0.8018989,0.9320104610992804,1.0387235,1.225699978475465,1.0362859,1.234054456115637,0.2025709765608935,0.1315831891459083,0.0004056272,0.000375159,0.0496512580543579,0.0481128485531556,0.0047486824097629,0.026967347,0.02503562,0.0047547794,774.94525,825.10187,891.63947,1029.9008,0.4295247578355615,0.4891395221748651
CONCEPT_152,image,CONCEPT_148,productlines,OC_MYSQL,0,0,0,1,0,0,0,0,0,0,image:productlines:OC_MYSQL,product lines image,product lines image miscellaneous,0.79126114,0.8602220983952368,1.024262,1.1391154017485037,1.0247598,1.1863835655352848,0.1445234147514465,0.0882075388851807,0.00033902944,0.00031928284,0.0420483048558308,0.0405681933706142,0.0051867838012353,0.022980487,0.021879213,0.0026503447,731.9192,810.05664,869.5414,994.22156,0.3512191760932567,0.3846649686872467
CONCEPT_154,productcode,CONCEPT_153,products,OC_MYSQL,0,1,0,0,0,0,1,0,0,0,productcode:products:OC_MYSQL,products product code,products product code text not null,0.7585558,0.6543406393045018,0.99531496,0.980307616901592,0.9964959,0.991165109533114,0.0796040886569374,0.0641760587976328,0.0003342095,0.0003178759,0.0162077676792915,0.0143159274143047,0.0020692972750236,0.021927213,0.020894585,0.0022886808,575.5292,795.7364,697.0929,983.30066,0.2903023185744562,0.25028711005353566
CONCEPT_155,productname,CONCEPT_153,products,OC_MYSQL,0,1,0,0,0,0,1,0,0,0,productname:products:OC_MYSQL,products product name,products product name text not null,0.767083,0.6135492053622679,0.9939085,0.9738824067602566,0.99305993,0.98702298414425,0.0647655364834046,0.0398442866155614,0.00020196677,0.00018045884,0.0121445212504104,0.0098635485670183,0.0014143469544827,0.013336539,0.011904307,0.0013010633,563.2137,756.5707,686.83966,944.6081,0.21143947406806318,0.14601815913999835
CONCEPT_156,productline,CONCEPT_153,products,OC_MYSQL,0,1,0,0,0,0,1,0,0,0,productline:products:OC_MYSQL,products product line,products product line text not null,0.80123717,0.6846370414271599,1.0010235,0.992928667014882,1.0056087,0.986664599304606,0.087920988380753,0.060213020654777,0.0002623823,0.00023648787,0.0157328497538074,0.0129009480130044,0.0016439481550149,0.017192753,0.01575231,0.0019379487,580.64716,810.09937,708.66113,995.1135,0.31297248306282843,0.25638567385604877
CONCEPT_157,productscale,CONCEPT_153,products,OC_MYSQL,0,1,0,0,0,0,1,0,0,0,productscale:products:OC_MYSQL,products product scale,products product scale text not null,0.81635547,0.7541159841587505,1.0196799,1.0198884347504764,1.0262665,0.9900100260242722,0.1012609424813946,0.0794995338506204,0.0003701786,0.00035624873,0.0210951839726775,0.0184638229553064,0.0101206541029276,0.025016403,0.024297008,0.0062270933,627.6227,829.0262,748.1545,1006.04956,0.38786260782063153,0.35311572234898175
CONCEPT_158,productvendor,CONCEPT_153,products,OC_MYSQL,0,1,0,0,0,0,1,0,0,0,productvendor:products:OC_MYSQL,products product vendor,products product vendor text not null,0.76726407,0.6738104285085261,1.0000728,0.984833385328939,1.0038438,0.9921439672392792,0.0777872410108066,0.0683751261464748,0.00036439733,0.00035924662,0.017464251076689,0.0148112857796204,0.0064078929835288,0.024499856,0.024226451,0.0037743764,583.16077,785.7249,710.502,962.6275,0.2906531442755874,0.25352466246079747
CONCEPT_159,productdescription,CONCEPT_153,products,OC_MYSQL,0,1,0,0,0,0,1,0,0,0,productdescription:products:OC_MYSQL,products product description,products product description text not null,0.79410577,0.6015258492109993,0.99699885,0.9897647721210244,0.9984065,0.9911129924884726,0.0590423621049834,0.0354675828315778,0.00024447558,0.00022336385,0.0111463630422809,0.0085800555988082,0.0030573823159899,0.016293904,0.0150936125,0.0011897233,556.9381,784.34827,679.9807,981.86145,0.2850969062152011,0.1944650719844525
CONCEPT_160,quantityinstock,CONCEPT_153,products,OC_MYSQL,1,0,0,0,0,0,1,0,0,0,quantityinstock:products:OC_MYSQL,products quantity in stock,products quantity in stock numeric not null,0.8107168,0.9471974465314908,1.057477,1.3314564055978386,1.0584008,1.104756155954269,0.2505307776059428,0.1920526707002078,0.000451989,0.00041749584,0.03999310292889,0.0363483707574896,0.0067713103926594,0.030133424,0.027657753,0.0042088996,725.33185,817.12616,835.66125,986.35535,0.424924049209358,0.4853261751063108
CONCEPT_161,buyprice,CONCEPT_153,products,OC_MYSQL,0,0,0,0,0,0,1,0,0,0,buyprice:products:OC_MYSQL,products buy price,products buy price not null,0.82931167,0.9211296879505628,1.0435014,1.2518098891800056,1.0429265,1.0553368739679994,0.2179125825280635,0.1664329501790715,0.00041600657,0.0003891058,0.0357189504961443,0.0311392650820383,0.006746370265069,0.028298533,0.026550325,0.0046230247,712.2873,842.63806,823.62585,1024.7343,0.45191393345753567,0.48657510936367626
CONCEPT_162,msrp,CONCEPT_153,products,OC_MYSQL,0,0,0,0,0,0,1,0,0,0,msrp:products:OC_MYSQL,products m srp,products m srp not null,0.85528976,0.8646406889606126,1.0935065,1.1478409154701152,1.0989684,1.0113109512202494,0.1603590497803441,0.1393138691681013,0.0005006348,0.00048909266,0.0308860307747507,0.0278637260889087,0.014682204258475,0.033864733,0.033082884,0.0023343696,694.00604,885.84607,809.4717,1065.5083,0.5830311513947923,0.5722638193381135
CONCEPT_165,customerid,CONCEPT_164,customer,OC_HANA,1,0,0,0,1,0,0,0,0,0,customerid:customer:OC_HANA,customer customer id,customer customer id numeric primary key,0.664102,0.5300004595184246,0.9784724,0.987346010887564,0.97865963,0.9991603821192904,0.0621528810513688,0.0313828527692938,0.00030978656,8.6865904e-05,0.0210838507835798,0.0107134280863724,0.002735228595096,0.019673672,0.0057875067,0.0016731507,536.54285,754.7,660.9425,962.8928,0.17898052711811513,0.1486139125415154
CONCEPT_166,cityid,CONCEPT_164,customer,OC_HANA,1,0,0,0,0,0,0,0,0,0,cityid:customer:OC_HANA,customer city id,customer city id numeric,0.71840096,0.654272518277421,1.0524627,1.0176057400082956,1.0547671,1.0266031963229834,0.1073937340202574,0.0760408733203453,0.00043411102,0.00024251368,0.0282284238100064,0.0172330460474444,0.0016566860804213,0.028028196,0.015887538,0.0015241705,588.84735,792.0269,712.75934,1002.2461,0.3634161554369242,0.3524036340810935
CONCEPT_167,countryid,CONCEPT_164,customer,OC_HANA,1,0,0,0,0,0,0,0,0,0,countryid:customer:OC_HANA,customer country id,customer country id numeric,0.7029245,0.6458698733109858,1.0229781,1.014171463598571,1.019629,1.0210895063928231,0.0977566708269853,0.0745877152559496,0.0003806328,0.00016029376,0.0267961995416879,0.0164658929497042,0.0020737984351394,0.02418147,0.0105834715,0.0014416473,570.1671,775.0292,702.68335,976.42755,0.28300073233777884,0.27921547313538697
CONCEPT_168,regionid,CONCEPT_164,customer,OC_HANA,1,0,0,0,0,0,0,0,0,0,regionid:customer:OC_HANA,customer region id,customer region id numeric,0.73339015,0.6755838368322002,1.0446066,1.0210023140927993,1.0430655,1.043891730088667,0.1149783793537705,0.0838687483464242,0.00043806006,0.00022064064,0.0301500123703448,0.0186748687786507,0.0034617099557448,0.027994657,0.014500762,0.0019052351,592.80707,786.06433,723.5793,986.87646,0.3536919997566774,0.34189325600320025
CONCEPT_169,customer,CONCEPT_164,customer,OC_HANA,0,1,0,0,0,0,0,0,0,0,customer:customer:OC_HANA,customer customer,customer customer text,0.7776043,0.5927406598056472,0.9995184,1.0045344983905409,1.0086683,1.001673895632094,0.0768093473961684,0.0705710575855171,0.00052941503,0.000287684,0.0245684464326044,0.0163958069164123,0.0058372120688718,0.034463752,0.019524416,0.0044712382,541.0511,816.928,658.43823,1011.9488,0.40327917881498176,0.32043532525199503
CONCEPT_170,cityname,CONCEPT_164,customer,OC_HANA,0,1,0,0,0,0,0,0,0,0,cityname:customer:OC_HANA,customer city name,customer city name text,0.7814903,0.6662571746686274,1.0242407,1.0274967222571818,1.0237323,0.9973752569970816,0.1135602109160617,0.0948225936955432,0.0005285682,0.00024656835,0.0313273584050255,0.0193801282167726,0.0015920328600784,0.034310427,0.0163583,0.0017667947,590.2302,814.9172,711.36584,1030.8004,0.44562021641446314,0.39464246698396177
CONCEPT_171,countryname,CONCEPT_164,customer,OC_HANA,0,1,0,0,0,0,0,0,0,0,countryname:customer:OC_HANA,customer country name,customer country name text,0.76414126,0.6920803874168419,1.0180709,1.0188641850036253,1.0264138,1.0020379141833144,0.1234247240878993,0.108870703909003,0.00053044286,0.00021672067,0.0332675137214089,0.0212101407155675,0.002020548570155,0.033631455,0.014649103,0.0017939002,593.8402,813.4822,723.57294,1021.3382,0.4190817522639352,0.39282878237793917
CONCEPT_172,regionname,CONCEPT_164,customer,OC_HANA,0,1,0,0,0,0,0,0,0,0,regionname:customer:OC_HANA,customer region name,customer region name text,0.7700582,0.707951325421108,1.0186437,1.0267332691670246,1.0189067,1.01134750616012,0.1222986131059549,0.1068021614762636,0.00052444387,0.00024339947,0.0346524896927324,0.0222935640559675,0.0035274820057714,0.033745676,0.016407495,0.0020373678,604.4301,808.19995,731.44257,1009.7473,0.4103285024942872,0.38728309937207517
CONCEPT_174,productid,CONCEPT_173,product,OC_HANA,1,0,0,0,1,0,0,0,0,0,productid:product:OC_HANA,product product id,product product id numeric primary key,0.7081801,0.5652854876991817,0.9949144,0.9602201503942012,1.0019845,1.0045172401465927,0.0631185162699216,0.0273570803744872,0.0003506491,0.00012478081,0.0201908174870234,0.0119812295408403,0.0015505341925182,0.022412902,0.008160539,0.0018485117,569.5073,749.0091,694.6699,932.9768,0.20946767034820848,0.16387253361164178
CONCEPT_175,categoryid,CONCEPT_173,product,OC_HANA,1,0,0,0,0,0,0,0,0,0,categoryid:product:OC_HANA,product category id,product category id numeric,0.7338481,0.6937163229515861,1.0225977,1.009817255089746,1.0196824,1.0158700252403947,0.1130591306004017,0.0642186361519177,0.00037622266,0.00017974897,0.027046582651695,0.0177475247082463,0.0040082339042669,0.02447681,0.01192983,0.0020771099,619.1511,777.45544,749.04974,964.6079,0.2918335785567652,0.2882563588373077
CONCEPT_176,lineid,CONCEPT_173,product,OC_HANA,1,0,0,0,0,0,0,0,0,0,lineid:product:OC_HANA,product line id,product line id numeric,0.7142277,0.6645913875794767,1.0279303,1.00405705188258,1.0313833,1.007358875466662,0.0982753717668599,0.0592955463572724,0.00038227413,0.00021816196,0.0240556792722622,0.0177303695607159,0.001894504493428,0.025601173,0.014640172,0.0013652369,591.1534,772.0762,717.6161,958.76434,0.2785289588109778,0.275401163361849
CONCEPT_177,productname,CONCEPT_173,product,OC_HANA,0,1,0,0,0,0,0,0,0,0,productname:product:OC_HANA,product product name,product product name text,0.76938325,0.5882424190266962,0.9925609,0.9789540363979028,0.99209565,0.9931516669365492,0.0629095563959286,0.0425683115384011,0.00022484995,0.00019589439,0.0153161609405948,0.0130048118926503,0.0014431951169462,0.014678282,0.012778471,0.0017331414,553.7085,755.65765,680.8221,943.5276,0.2187676465323529,0.13974648823155478
CONCEPT_178,productdescription,CONCEPT_173,product,OC_HANA,0,1,0,0,0,0,0,0,0,0,productdescription:product:OC_HANA,product product description,product product description text,0.81171256,0.5762190628754278,1.0032138,0.9922354953763152,1.0043976,0.9927551330546064,0.0556703791698814,0.0371899366085977,0.00030362126,0.00028134472,0.0141989282691528,0.0119218597915211,0.0027830745458688,0.020110732,0.018848104,0.001560493,547.5292,797.21423,673.8587,990.7982,0.3323752048394163,0.21707580523203168
CONCEPT_179,categoryname,CONCEPT_173,product,OC_HANA,0,1,0,0,0,0,0,0,0,0,categoryname:product:OC_HANA,product category name,product category name text,0.8118701,0.7134815299493272,1.0007292,1.006123144026002,1.0015488,0.998677119841983,0.1198076495758228,0.0844346153957161,0.00028027975,0.000262139,0.0236180670668554,0.0209656822308051,0.0037379335004981,0.018674329,0.017516725,0.0018280167,615.3119,810.5664,746.5008,1000.4811,0.3318824322953846,0.28121250175509815
CONCEPT_180,categorydescription,CONCEPT_173,product,OC_HANA,0,1,0,0,0,0,0,0,0,0,categorydescription:product:OC_HANA,product category description,product category description text,0.83560055,0.7117380723589387,1.0081466,1.0595223613350426,1.0093476,1.0049704815641856,0.1210366545645698,0.0883396067841517,0.00029910248,0.0002911445,0.0227697702735731,0.0199904511046524,0.0044793476658844,0.019771809,0.019273305,0.0011250298,611.57227,816.8431,741.86926,1015.1256,0.37636055379249095,0.3077094657421063
CONCEPT_181,linename,CONCEPT_173,product,OC_HANA,0,1,0,0,0,0,0,0,0,0,linename:product:OC_HANA,product line name,product line name text,0.7894452,0.7121714771936641,1.0119117,1.0137806760586967,1.0182391,0.9947485543904194,0.1094079064542343,0.0667605007583973,0.00029870096,0.0002662961,0.0220411421459375,0.0199903369171646,0.0014471794697018,0.019608514,0.017491812,0.002113847,595.7456,796.0801,724.62634,982.8535,0.3141830131553637,0.27910996731366233
CONCEPT_182,linedescription,CONCEPT_173,product,OC_HANA,0,1,0,0,0,0,0,0,0,0,linedescription:product:OC_HANA,product line description,product line description text,0.81963056,0.671945429481945,1.0213268,1.046044429576733,1.0193214,0.9988116852243693,0.1035743430510783,0.0633389548614699,0.00035399696,0.0003257584,0.01942130523819,0.0175569389596978,0.0034662056961158,0.0231805,0.021637866,0.0021035124,580.14667,810.4942,707.54944,1007.2421,0.38724317677341874,0.3113703064592209
CONCEPT_183,discontinued,CONCEPT_173,product,OC_HANA,1,0,0,0,0,0,0,0,0,0,discontinued:product:OC_HANA,product discontinued,product discontinued numeric,0.8760813,0.6910772060836576,1.1372026,1.0071030235483034,1.1298243,1.010061732492201,0.0857628778528227,0.0755810491166851,0.0005617007,0.00055430515,0.0230695233669539,0.021094772399462,0.0077042460277373,0.036834586,0.036379993,0.0026306852,600.98956,862.5818,729.3227,1024.6735,0.6162172644885517,0.5085504717251591
CONCEPT_184,capacity,CONCEPT_173,product,OC_HANA,0,1,0,0,0,0,0,0,0,0,capacity:product:OC_HANA,product capacity,product capacity text,0.8231543,0.7192726669495043,1.0924437,1.0292002036765022,1.0986388,1.0132297446884495,0.0982857059639958,0.0845279601704941,0.0004661357,0.00045767918,0.0243114314752761,0.0225453594731353,0.0080856382866861,0.03127873,0.030853346,0.006077873,612.81,832.29034,740.00214,1010.47424,0.49260407012228985,0.4365063958599432
CONCEPT_185,screensize,CONCEPT_173,product,OC_HANA,0,1,0,0,0,0,0,0,0,0,screensize:product:OC_HANA,product screen size,product screen size text,0.85556746,0.8367319332132181,1.1250874,1.2114750923346909,1.1378909,1.0319818536678005,0.1776755513795775,0.1253554775699775,0.0005376122,0.00052916264,0.0299088408517714,0.0282691612799385,0.0113591791618773,0.03673658,0.036192045,0.0026824437,662.90393,873.1239,797.4355,1039.9885,0.597830474554407,0.5736984613154265
CONCEPT_187,orderid,CONCEPT_186,customerorder,OC_HANA,1,0,0,0,1,0,0,0,0,0,orderid:customerorder:OC_HANA,customer order order id,customer order order id numeric primary key,0.6566248,0.7558533469368481,0.9882327,1.0153281607212812,0.98624974,0.9944272859657544,0.0487472259837274,0.0382715064598896,8.097472e-05,6.600402e-05,0.0111223836031667,0.0091485915262563,0.0024357465385936,0.0054255934,0.0045650634,0.0014366712,560.6726,714.9762,758.7308,924.6515,0.06527595244379786,0.14684522537503605
CONCEPT_188,productid,CONCEPT_186,customerorder,OC_HANA,1,0,0,0,0,1,0,0,0,0,productid:customerorder:OC_HANA,customer order product id,customer order product id numeric foreign key,0.6221053,0.7640293956482592,0.97849387,1.0125701506694624,0.9783958,1.0000987293171208,0.0590610193837774,0.0390198018336747,0.00014125109,8.170326e-05,0.0136891782202838,0.0100938103190559,0.0038118699913749,0.009104258,0.0056430213,0.0017441902,583.8786,704.287,774.45447,900.95233,0.02932415689148245,0.1397099387710795
CONCEPT_189,customerid,CONCEPT_186,customerorder,OC_HANA,1,0,0,0,0,1,0,0,0,0,customerid:customerorder:OC_HANA,customer order customer id,customer order customer id numeric foreign key,0.65577316,0.7967479480640056,0.9865056,1.0063598004102212,0.9851523,0.9947190277775634,0.0726122165861185,0.0438518950007963,0.00011263387,7.819723e-05,0.014116361667571,0.0104997699619231,0.0025508583535897,0.007562615,0.0054323017,0.001773645,589.702,726.9336,780.73535,935.03546,0.08435472775407109,0.185828790290792
CONCEPT_190,employeeid,CONCEPT_186,customerorder,OC_HANA,1,0,0,0,0,0,0,0,0,0,employeeid:customerorder:OC_HANA,customer order employee id,customer order employee id numeric,0.66591746,0.8153783063211698,0.97364384,1.0017724165383517,0.97485185,0.9886754837256072,0.0959844836295122,0.054630810726024,0.0002515612,0.0001431881,0.0170577540297694,0.0123705392282663,0.005517874156881,0.017065572,0.009810408,0.0029812548,602.9074,720.87177,791.4247,918.75256,0.1124615356805834,0.21538803338570517
CONCEPT_191,promotionid,CONCEPT_186,customerorder,OC_HANA,1,0,0,0,0,0,0,0,0,0,promotionid:customerorder:OC_HANA,customer order promotion id,customer order promotion id numeric,0.66821384,0.7800547462602017,0.9770109,0.9916553371134564,0.97668767,0.9972674151540356,0.0735985801955153,0.0499795436251114,0.000233971,0.0001942053,0.0144129774643399,0.0106688298005153,0.0065567404752329,0.015675101,0.013193153,0.006156154,584.1558,738.4236,779.97266,943.11804,0.13502424862250917,0.21962903164337483
CONCEPT_192,territoryid,CONCEPT_186,customerorder,OC_HANA,1,0,0,0,0,0,0,0,0,0,territoryid:customerorder:OC_HANA,customer order territory id,customer order territory id numeric,0.7037454,0.8129119730661983,0.9792074,0.9972696703802412,0.9773912,0.9879740311393892,0.098623439809216,0.0700783582624128,0.00030034324,0.00026922204,0.0188887873024022,0.0146168050649509,0.0070956389510002,0.019748406,0.017882472,0.0022783915,600.7852,766.26135,790.16895,957.16925,0.1993640875619917,0.27377497233865544
CONCEPT_193,orderperiodid,CONCEPT_186,customerorder,OC_HANA,1,0,0,0,0,0,0,0,0,0,orderperiodid:customerorder:OC_HANA,customer order order period id,customer order order period id numeric,0.6859425,0.9151044346826306,0.98317784,1.0409756133492256,0.98410237,1.0024159636741088,0.0769683786772939,0.0726857446736244,0.00018216927,0.00017853267,0.0175654133243865,0.0159837691283194,0.002512725213944,0.012477346,0.012127884,0.0021055953,605.396,755.9861,819.0021,956.53357,0.14853150528913175,0.2840168681342727
CONCEPT_194,requiredperiodid,CONCEPT_186,customerorder,OC_HANA,1,0,0,0,0,0,0,0,0,0,requiredperiodid:customerorder:OC_HANA,customer order required period id,customer order required period id numeric,0.73394364,0.9243563083915458,1.0087693,1.0753873995015144,1.0118648,1.0090886615880106,0.1080813898259533,0.0970422289632461,0.00027702234,0.00027376122,0.0211370992216752,0.0184814571609239,0.0037459825066614,0.019184591,0.018854417,0.0019001706,629.5754,797.2589,826.19135,991.9395,0.27286419839416065,0.3780051923355068
CONCEPT_195,shippedperiodid,CONCEPT_186,customerorder,OC_HANA,1,0,0,0,0,0,0,0,0,0,shippedperiodid:customerorder:OC_HANA,customer order shipped period id,customer order shipped period id numeric,0.730707,0.9342113160093636,1.015785,1.033544479924252,1.0188212,1.0047669986548342,0.1009503138108504,0.0939607512233178,0.00030015243,0.00027152515,0.0196916438625275,0.0178629483066181,0.0045155723546266,0.020204216,0.018635927,0.0020403329,612.6436,788.82336,820.11615,978.9371,0.2716613118471529,0.3837909961944014
CONCEPT_196,shipperid,CONCEPT_186,customerorder,OC_HANA,1,0,0,0,0,0,0,0,0,0,shipperid:customerorder:OC_HANA,customer order shipper id,customer order shipper id numeric,0.70579845,0.8258637732906949,0.97717994,0.9906350784327168,0.9763495,0.987909429338648,0.0950619105237367,0.0698492742026224,0.0002762626,0.00024888382,0.0174244333721684,0.0140114272007161,0.0081710013185989,0.018615732,0.017026832,0.00580986,598.6415,769.4621,790.54364,957.4728,0.191109814123807,0.2701452475916573
CONCEPT_197,unitprice,CONCEPT_186,customerorder,OC_HANA,1,0,0,0,0,0,0,0,0,0,unitprice:customerorder:OC_HANA,customer order unit price,customer order unit price numeric,0.74589795,0.8817410254644139,1.0499855,1.0116641058852265,1.0434852,1.0059344998974091,0.1087845096128197,0.0750449076158722,0.00037973336,0.00023953214,0.023840788440201,0.0189672092158857,0.0012824288534625,0.02567263,0.015902596,0.0010114304,615.32,778.82477,800.09576,971.7448,0.3322875435146989,0.4086841202677272
CONCEPT_198,quantity,CONCEPT_186,customerorder,OC_HANA,1,0,0,0,0,0,0,0,0,0,quantity:customerorder:OC_HANA,customer order quantity,customer order quantity numeric,0.73898745,0.7200790440303217,1.0170611,1.0081753059853855,1.0217582,1.004425822865333,0.0451885347683652,0.0325432893199717,0.00030722868,0.00022151698,0.0130857795419819,0.0094022736385743,0.0024523509944424,0.021403082,0.015306125,0.0013723805,547.2727,761.5979,730.2619,953.096,0.25564421598802456,0.2607855361627335
CONCEPT_199,discount,CONCEPT_186,customerorder,OC_HANA,1,0,0,0,0,0,0,0,0,0,discount:customerorder:OC_HANA,customer order discount,customer order discount numeric,0.75165814,0.7941972081915066,1.0120324,1.0117562292020033,1.0142581,0.9990031899212908,0.0788172690801237,0.0618430861285391,0.00035585542,0.00028197342,0.0191965555618096,0.0144558481510581,0.007075920623244,0.024910571,0.019459391,0.00643304,577.53125,776.3667,769.20306,963.3479,0.28738864109079754,0.3183278903054357
CONCEPT_200,unitsales,CONCEPT_186,customerorder,OC_HANA,1,0,0,0,0,0,0,0,0,0,unitsales:customerorder:OC_HANA,customer order unit sales,customer order unit sales numeric,0.74554396,0.8991152612005882,1.0798038,1.019331074312157,1.0784619,1.0038176957958511,0.1207598228063349,0.0891816246729884,0.00041297494,0.00032845978,0.0253734904683444,0.0204316282982665,0.0047376148055002,0.027550524,0.022151783,0.0035438829,618.74023,781.9631,807.9948,959.10645,0.3565615203435433,0.44140906341626357
CONCEPT_201,netsales,CONCEPT_186,customerorder,OC_HANA,1,0,0,0,0,0,0,0,0,0,netsales:customerorder:OC_HANA,customer order net sales,customer order net sales numeric,0.7838922,0.955467146382604,1.0964634,1.076713589493191,1.0955868,1.0326153876059427,0.160045329082131,0.1272577399408541,0.00047604713,0.00038022376,0.0307711588483425,0.025678799597508,0.0107758553508576,0.031866293,0.025832415,0.003691608,656.6002,813.8867,837.1881,1002.1749,0.46287527153948826,0.5465741168932929
CONCEPT_202,unitcost,CONCEPT_186,customerorder,OC_HANA,1,0,0,0,0,0,0,0,0,0,unitcost:customerorder:OC_HANA,customer order unit cost,customer order unit cost numeric,0.78511924,0.8972922587519078,1.0602777,1.0196668195551577,1.0503209,1.0093925482401809,0.1183647830806305,0.0809261103350437,0.00042799706,0.0002818622,0.025020201815245,0.0196712714944017,0.0046894597119866,0.028837897,0.018897843,0.002181234,631.0393,815.0249,807.5633,1008.4048,0.42233639098970205,0.47770831303662376
CONCEPT_203,freight,CONCEPT_186,customerorder,OC_HANA,0,1,0,0,0,0,0,0,0,0,freight:customerorder:OC_HANA,customer order freight,customer order freight text,0.75271535,0.8460791081819015,1.0655789,1.04601800170299,1.0654857,0.9987979648069316,0.0932355203916636,0.0722350911023306,0.00042777392,0.0003546203,0.0255843968188348,0.0186629528330797,0.0074868158032937,0.028741427,0.02412334,0.0069466406,606.8081,798.338,790.9184,980.91003,0.37620166753742884,0.4308479142318448
CONCEPT_204,cost,CONCEPT_186,customerorder,OC_HANA,1,0,0,0,0,0,0,0,0,0,cost:customerorder:OC_HANA,customer order cost,customer order cost numeric,0.76970506,0.76956206744495,1.0275874,1.01249647178984,1.0270282,1.000395305113223,0.0671637802308722,0.0391366270855872,0.00035733738,0.00019606417,0.0176573765986845,0.0124549343904812,0.004329324789512,0.024382504,0.013101225,0.003040177,578.41943,805.112,753.1888,1012.93774,0.36329047768122247,0.3695607150435329
CONCEPT_205,quantityordered,CONCEPT_186,customerorder,OC_HANA,0,1,0,0,0,0,0,0,0,0,quantityordered:customerorder:OC_HANA,customer order quantity ordered,customer order quantity ordered text,0.72608536,0.8773769397862299,1.007808,1.0037040213747608,1.0081689,1.0011402189416307,0.0956176591834503,0.0724573946757019,0.00028326016,0.00019746978,0.0240572381996793,0.0190942265877858,0.0048094148221062,0.019620787,0.01359322,0.001377775,613.77,744.4528,800.09796,932.91235,0.21017428868950266,0.298838350000773
CONCEPT_206,deliveredperiodid,CONCEPT_186,customerorder,OC_HANA,0,1,0,0,0,0,0,0,0,0,deliveredperiodid:customerorder:OC_HANA,customer order delivered period id,customer order delivered period id text,0.7099328,0.8998692113059665,1.0022888,1.0286771085842958,1.000883,1.002979993850424,0.093874718449941,0.0871423244992177,0.00027459682,0.00027152334,0.0213458442612411,0.0185303252071959,0.0054331653039192,0.018156908,0.018046351,0.0038690595,615.7117,780.4954,816.1494,974.6749,0.23204939924499982,0.3430019752629096
