id,refined_local_name,parent_id,refined_local_name_p,schema,vec_datatype_numeric,vec_datatype_text,vec_datatype_date,vec_datatype_miscellaneous,vec_constraint_pk,vec_constraint_fk,vec_constraint_notnull,vec_constraint_default,vec_constraint_unique,vec_constaint_check,concept_concat_info,concept_concat_sgtrt5,concept_concat_sgtrt5_dtype_constraints,reconstruction_error_zscore_sgtrt5,reconstruction_error_zscore_glove,reconstruction_error_lof_sgtrt5,reconstruction_error_lof_glove,reconstruction_error_01lof_sgtrt5,reconstruction_error_01lof_glove,reconstruction_error_01ae_v0_glove,reconstruction_error_01ae_v0_sgtrt5,reconstruction_error_01pca2_glove,reconstruction_error_01pca5_glove,reconstruction_error_01pca40_glove,reconstruction_error_01pca2_sgtrt5,reconstruction_error_01pca5_sgtrt5,reconstruction_error_01pca55_sgtrt5,reconstruction_error_pca2_glove,reconstruction_error_pca5_glove,reconstruction_error_pca2_sgtrt5,reconstruction_error_pca5_sgtrt5,reconstruction_error_01ae_v0_glove_b50,reconstruction_error_01ae_v0_sgtrt5_b50,reconstruction_error_01ae_v0_glove_b25,reconstruction_error_01ae_v0_sgtrt5_b25,reconstruction_error_01ae_v0_glove_b10,reconstruction_error_01ae_v0_sgtrt5_b10,reconstruction_error_ensemble_AHMb,reconstruction_error_ensemble_APC
CONCEPT_46,customer id,CONCEPT_45,customers,OC_ORACLE,1,0,0,0,1,0,0,0,0,0,customer id:customers:OC_ORACLE,customers customer id,customers customer id numeric primary key,0.6667531,0.5657892516702704,0.98392254,0.9965044592071892,0.9829617,0.9920928680746895,543.8625,803.8525,0.0270014292600744,0.0144751763378641,0.0014710089921566,0.024079897,0.0055046543,0.001848248,0.0645003713562749,0.0282193839267853,0.00034856633,7.4529315e-05,582.4149,792.7393,604.11975,834.25195,716.4464,993.9355,0.172385359553478,0.20586103958346946
CONCEPT_47,email address,CONCEPT_45,customers,OC_ORACLE,0,1,0,0,0,0,0,0,0,0,email address:customers:OC_ORACLE,customers email address,customers email address text,0.8024092,0.8272627567570464,1.0126902,1.1065642978893802,1.0164921,0.9932248895581134,652.3381,879.47174,0.0422642767149374,0.0322856696361955,0.0039041270444719,0.03076989,0.023420557,0.0015233272,0.15250981978062,0.1240971247818091,0.00041761258,0.00031002343,696.4772,861.6489,717.3512,905.1073,837.09595,1073.8628,0.43064325530283615,0.4069887441184162
CONCEPT_48,full name,CONCEPT_45,customers,OC_ORACLE,0,1,0,0,0,0,0,0,0,0,full name:customers:OC_ORACLE,customers full name,customers full name text,0.7682667,0.6490732078956273,1.0158532,1.0172853269424436,1.0222981,1.003818298878637,561.27356,865.9132,0.0302535799505226,0.0204115803828003,0.0052627295483373,0.030647667,0.018876605,0.0038809816,0.0801942337875544,0.0629709834845126,0.00043368945,0.0002558923,611.5659,832.40857,633.19415,868.26245,730.1194,1037.6079,0.3109610457578612,0.36322418206797336
CONCEPT_50,store id,CONCEPT_49,stores,OC_ORACLE,1,0,0,0,1,0,0,0,0,0,store id:stores:OC_ORACLE,stores store id,stores store id numeric primary key,0.79673845,0.678303230203719,1.0679675,1.0187142498395554,1.0731558,1.064679623771952,686.3474,871.898,0.0440868914379214,0.0100571473225768,0.0025134856218963,0.03801916,0.01579727,0.0016569452,0.0868963606537277,0.0478915851775558,0.00052906846,0.00020433766,712.59033,866.7517,746.3364,903.00867,844.6332,1042.8988,0.40807576363970566,0.4623932452967433
CONCEPT_51,store name,CONCEPT_49,stores,OC_ORACLE,0,1,0,0,0,0,0,0,0,0,store name:stores:OC_ORACLE,stores store name,stores store name text,0.8325209,0.6831428885554802,1.0655711,1.0158885238987747,1.0637485,1.0779147718774311,647.50244,892.87244,0.0378385522791024,0.0105059525119457,0.0021049827257713,0.03755871,0.022188773,0.0024514457,0.0685894316622015,0.0675970565453036,0.00051219773,0.00029383192,690.86755,869.27637,720.0637,901.48706,817.47534,1061.4814,0.4183778129388471,0.49274301703022166
CONCEPT_52,web address,CONCEPT_49,stores,OC_ORACLE,0,1,0,0,0,0,0,0,0,0,web address:stores:OC_ORACLE,stores web address,stores web address text,0.9355486,0.858943188476447,1.1354569,1.1787341183879427,1.140594,1.1186235287909818,731.66223,1011.2579,0.0484467965039927,0.0201131330870638,0.0045862623084557,0.04856376,0.040259864,0.0022690154,0.1297250775465139,0.1291837802120457,0.00066243653,0.00053507305,762.51025,991.7905,799.52167,1035.2278,905.43634,1190.5438,0.7334843048778176,0.776936148190007
CONCEPT_53,physical address,CONCEPT_49,stores,OC_ORACLE,0,1,0,0,0,0,0,0,0,0,physical address:stores:OC_ORACLE,stores physical address,stores physical address text,0.8811746,0.8615539802020498,1.069852,1.209263486431439,1.0686104,1.1318088322495956,731.8921,938.14386,0.0508501117972348,0.0242504086244683,0.0060675906780641,0.044128265,0.035552185,0.0028554825,0.1424480668601773,0.1410765085012812,0.000591963,0.00046484932,756.57794,926.00635,790.79626,976.17377,897.55023,1124.9475,0.6008784390752154,0.6084095706303231
CONCEPT_54,latitude,CONCEPT_49,stores,OC_ORACLE,1,0,0,0,0,0,0,0,0,0,latitude:stores:OC_ORACLE,stores latitude,stores latitude numeric,0.9216214,0.8463975552708063,1.0847912,1.150174635772696,1.0850952,1.131076207876273,741.807,963.9156,0.0523226101936124,0.0223075258584483,0.0039585807801247,0.047147095,0.035761032,0.002827964,0.1225594875479348,0.1178067729728879,0.0006474262,0.00047203238,771.4066,970.8971,803.70886,1004.56055,918.9568,1140.6119,0.6375847138872617,0.6790720105025023
CONCEPT_55,longitude,CONCEPT_49,stores,OC_ORACLE,1,0,0,0,0,0,0,0,0,0,longitude:stores:OC_ORACLE,stores longitude,stores longitude numeric,0.94762427,0.8607168269942781,1.1256509,1.1824782364238524,1.1356312,1.1226831593840858,734.46844,959.01404,0.0519180534402883,0.0222949710741466,0.0035221477378137,0.04912899,0.03648783,0.0030301467,0.1310875530305392,0.1283186783719646,0.00068476424,0.0004895506,765.25433,961.4656,795.5799,997.9172,908.4258,1130.7025,0.6840574125721902,0.7341979850053622
CONCEPT_56,logo,CONCEPT_49,stores,OC_ORACLE,0,0,0,1,0,0,0,0,0,0,logo:stores:OC_ORACLE,stores logo,stores logo miscellaneous,0.8932374,0.7933376030295617,1.1179122,1.0805746192294217,1.112562,1.122242848465351,716.13855,938.3725,0.0463574976167811,0.0126334978350799,0.0033852703593392,0.04377666,0.02533625,0.0028798718,0.0985724202899745,0.0934651609779642,0.0006111255,0.00033346692,755.5713,927.42883,783.25665,965.83325,884.2013,1125.8137,0.610742425172116,0.6632801298712403
CONCEPT_57,logo mime type,CONCEPT_49,stores,OC_ORACLE,0,1,0,0,0,0,0,0,0,0,logo mime type:stores:OC_ORACLE,stores logo mime type,stores logo mime type text,0.93585616,1.0092971963801542,1.1559122,1.2326450088775185,1.1477818,1.1256487738505156,823.498,979.3608,0.0629850319580079,0.0251661438837761,0.0010120230466295,0.04517272,0.03350452,0.0008239099,0.215098612598823,0.1772306536275415,0.00061712594,0.00045380028,862.2078,966.4386,884.22546,998.1958,991.262,1152.7625,0.785123284320404,0.7464374947129178
CONCEPT_58,logo filename,CONCEPT_49,stores,OC_ORACLE,0,1,0,0,0,0,0,0,0,0,logo filename:stores:OC_ORACLE,stores logo filename,stores logo filename text,0.8984652,0.911532906289606,1.1086017,1.1454427693777791,1.1177391,1.125666546852024,775.10846,936.74774,0.0541651190084982,0.0168846450828345,0.0045062966684714,0.04167704,0.024219297,0.0020133464,0.1588957186617025,0.1322489976361642,0.0005588199,0.00030286153,820.2416,922.2251,847.9412,963.42126,949.8087,1113.0024,0.63861704336248,0.6297480367519166
CONCEPT_59,logo charset,CONCEPT_49,stores,OC_ORACLE,0,1,0,0,0,0,0,0,0,0,logo charset:stores:OC_ORACLE,stores logo char set,stores logo char set text,0.8992045,0.9922548963366328,1.1351357,1.2507030378753272,1.1306698,1.1371859685819057,837.10925,946.6737,0.0625553348597304,0.0259151726840083,0.0015936779574602,0.04463445,0.030959105,0.0016356256,0.2052659368983038,0.1843766262885053,0.00062027125,0.00040295828,877.5274,934.38776,907.8392,951.95654,1011.6015,1115.4729,0.7284661567684444,0.6758633538121982
CONCEPT_60,logo last updated,CONCEPT_49,stores,OC_ORACLE,0,0,1,0,0,0,0,0,0,0,logo last updated:stores:OC_ORACLE,stores logo last updated,stores logo last updated date,0.8784259,0.990587005790308,1.115327,1.2537645619289526,1.1115596,1.1477464722488984,835.5915,926.3161,0.0645883203835375,0.0301877299803301,0.0016099992958832,0.042701814,0.02954883,0.0012933504,0.2085045054895655,0.1982088243849568,0.0005883134,0.00038471562,875.717,910.25586,902.5835,935.15796,1001.6697,1103.417,0.6898178527099987,0.6249478838714154
CONCEPT_62,product id,CONCEPT_61,products,OC_ORACLE,1,0,0,0,1,0,0,0,0,0,product id:products:OC_ORACLE,products product id,products product id numeric primary key,0.7051134,0.6094199719526873,0.9929484,0.9742351258778496,0.99562377,0.9902083014997736,568.7534,791.89716,0.0175739596450847,0.0150176255805853,0.0010946600913266,0.016129723,0.0073654535,0.0014567283,0.0677523554414281,0.0314718608050738,0.00023423095,9.874322e-05,616.0056,798.5334,644.4065,810.62463,763.0824,966.18555,0.14023990222372687,0.17415681770842026
CONCEPT_63,product name,CONCEPT_61,products,OC_ORACLE,0,1,0,0,0,0,0,0,0,0,product name:products:OC_ORACLE,products product name,products product name text,0.7595353,0.6142596303044486,0.9939086,0.973679093951436,0.99367654,0.9902522975773134,529.7423,810.9858,0.0124480640761536,0.011523599091179,0.0008838338317859,0.015743457,0.013136116,0.00080105074,0.0562281306930152,0.040730858893562,0.00021003567,0.00017890039,592.6518,802.96277,617.98816,802.52795,736.7745,982.48425,0.1488257254743759,0.21461392652167838
CONCEPT_64,unit price,CONCEPT_61,products,OC_ORACLE,1,0,0,0,0,0,0,0,0,0,unit price:products:OC_ORACLE,products unit price,products unit price numeric,0.8471958,0.7915539891037165,1.0425898,1.1401513871977942,1.0450263,1.0020626276520428,631.71484,897.34235,0.0284974821783777,0.0258487973950015,0.0014548377215329,0.033821106,0.026799083,0.0019783084,0.1473346293854366,0.0993373710003134,0.0004483643,0.00035780927,678.82635,896.6212,713.13043,890.89795,837.14185,1074.2513,0.4469679089580903,0.4712767371423557
CONCEPT_65,product details,CONCEPT_61,products,OC_ORACLE,0,0,0,1,0,0,0,0,0,0,product details:products:OC_ORACLE,products product details,products product details miscellaneous,0.736811,0.6422353039694193,0.9954026,0.9782356520803454,0.99471194,0.9998228824875488,560.20135,837.97504,0.0162522167455418,0.0150983059377873,0.0062810031409198,0.018736633,0.015600155,0.0028855118,0.0650701622871896,0.0518430313349829,0.00024595752,0.00020953763,609.3475,844.07806,637.9333,840.6448,754.4362,1009.167,0.20038592924358217,0.23644015492980125
CONCEPT_66,product image,CONCEPT_61,products,OC_ORACLE,0,0,0,1,0,0,0,0,0,0,product image:products:OC_ORACLE,products product image,products product image miscellaneous,0.7925524,0.7075092179565438,0.99678224,0.9908048862782886,0.99961406,1.0120044883884811,574.4908,841.8123,0.0152659957981432,0.0144183128787339,0.0026005890879269,0.019234493,0.018267239,0.0029369092,0.0782620636516505,0.0436728120023487,0.0002579162,0.00024788055,632.7471,833.2346,651.7781,832.02795,793.44006,1019.536,0.25016937873675127,0.2858385431901971
CONCEPT_67,image mime type,CONCEPT_61,products,OC_ORACLE,0,1,0,0,0,0,0,0,0,0,image mime type:products:OC_ORACLE,products image mime type,products image mime type text,0.9017517,0.9807559970257144,1.0980984,1.2819070269225317,1.0972428,1.0591268504533415,721.17035,954.1087,0.0363560914391355,0.0359835437229586,0.0006666302526851,0.037885588,0.035295453,0.0009560249,0.2409732661820573,0.1487332477915943,0.0005124519,0.0004843799,784.1273,940.9069,795.64325,958.79236,942.42896,1126.7383,0.6630253527151948,0.6183350262967192
CONCEPT_68,image filename,CONCEPT_61,products,OC_ORACLE,0,1,0,0,0,0,0,0,0,0,image filename:products:OC_ORACLE,products image filename,products image filename text,0.80263734,0.8671669412902544,1.0262597,1.1483315779025347,1.0332029,0.9986716985235412,667.0121,879.9729,0.0264022112444722,0.0260166267841272,0.0042505169296115,0.029546067,0.025481472,0.001577716,0.1723319960268531,0.1011526839145819,0.0003799311,0.00032871656,732.7567,866.3659,749.77893,879.73737,894.7435,1061.0221,0.43969201150910764,0.3943309841070106
CONCEPT_69,image charset,CONCEPT_61,products,OC_ORACLE,0,1,0,0,0,0,0,0,0,0,image charset:products:OC_ORACLE,products image char set,products image char set text,0.8800685,0.9213811356960108,1.1075996,1.2458532628731762,1.1120247,1.0134476276250046,698.9242,955.0271,0.0308596384412005,0.0301574677128981,0.0018100750981726,0.040526804,0.036675964,0.0014314819,0.1928021015592414,0.1152209588053056,0.0005373727,0.00048084222,756.78467,939.5667,780.04614,948.3592,923.2927,1128.5664,0.6486742945341114,0.6227428918262339
CONCEPT_70,image last updated,CONCEPT_61,products,OC_ORACLE,0,0,1,0,0,0,0,0,0,0,image last updated:products:OC_ORACLE,products image last updated,products image last updated date,0.79013044,0.9186830632131996,1.0438884,1.3031935425710843,1.0515742,1.0202993797222293,698.5163,850.2925,0.0346177168352972,0.0338631605106976,0.0021011516041029,0.029709369,0.028593326,0.0013078175,0.2018112410649062,0.1524306004632128,0.00039520164,0.0003766291,759.44135,836.1881,775.03314,845.03754,913.52106,1020.56104,0.45394989703387667,0.3724455250820592
CONCEPT_72,order id,CONCEPT_71,orders,OC_ORACLE,1,0,0,0,1,0,0,0,0,0,order id:orders:OC_ORACLE,orders order id,orders order id numeric primary key,0.71776146,0.6915336973656349,0.97353166,1.0052118744988492,0.9737518,1.0302290534433762,608.77783,795.77356,0.0355770580956526,0.0160242910530871,0.0020643328384184,0.014175261,0.0093834195,0.0016776932,0.0907571736703507,0.0365209014628643,0.00019636372,0.00012279161,632.95483,800.5918,681.629,821.41864,778.7759,976.64044,0.1645781232638789,0.16155322279903608
CONCEPT_73,order datetime,CONCEPT_71,orders,OC_ORACLE,0,0,1,0,0,0,0,0,0,0,order datetime:orders:OC_ORACLE,orders order date time,orders order date time date,0.8135411,0.9301527390568776,1.0554441,1.1983295085938623,1.053075,1.0635763417451634,735.4061,853.7932,0.0584096328800568,0.0351596395547764,0.0035858162047698,0.03212884,0.020575177,0.004312448,0.186225394577128,0.1183268143470975,0.00044722809,0.00027335613,755.72235,855.056,815.61694,883.5849,909.4828,1041.3147,0.5054932469759473,0.4325582514994343
CONCEPT_74,customer id,CONCEPT_71,orders,OC_ORACLE,1,0,0,0,0,1,0,0,0,0,customer id:orders:OC_ORACLE,orders customer id,orders customer id numeric foreign key,0.64042044,0.73931864362262,0.9850992,1.025207419847506,0.9839739,1.045253220715742,632.34576,763.44226,0.0392243747224482,0.0184499087564108,0.0012635491423244,0.00872329,0.0060782377,0.0016838461,0.1159073380960658,0.0492555369192468,0.00012329327,8.2537976e-05,666.3118,756.4097,707.7124,792.74945,810.64465,955.01825,0.15647035908999668,0.07821904773984047
CONCEPT_75,order status,CONCEPT_71,orders,OC_ORACLE,0,1,0,0,0,0,0,0,0,0,order status:orders:OC_ORACLE,orders order status,orders order status text,0.7865365,0.7439906756462329,1.0542324,1.039618718317756,1.0552697,1.0260169818881977,620.97314,813.6863,0.0401889565624489,0.0231353236573534,0.0025429623534855,0.029126465,0.019107185,0.00095101335,0.117741610923752,0.0755433583331727,0.00040704626,0.00026069433,652.6073,817.10583,698.25214,849.5572,788.173,989.56616,0.34503981886854773,0.3569159444978981
CONCEPT_76,store id,CONCEPT_71,orders,OC_ORACLE,1,0,0,0,0,1,0,0,0,0,store id:orders:OC_ORACLE,orders store id,orders store id numeric foreign key,0.6639721,0.7279053417331368,0.98253864,1.0224716351225245,0.98546785,1.0509980280326985,640.1437,766.57733,0.0400247289126829,0.0202807134512842,0.0019941036979305,0.01904993,0.010025366,0.00200765,0.1158854995530855,0.0566331175163768,0.0002607917,0.00012820288,666.207,760.9293,707.15265,791.86383,805.867,937.9902,0.18223394042273391,0.12517199312844382
CONCEPT_78,shipment id,CONCEPT_77,shipments,OC_ORACLE,1,0,0,0,1,0,0,0,0,0,shipment id:shipments:OC_ORACLE,shipments shipment id,shipments shipment id numeric primary key,0.81133205,0.7655947035910277,1.1138749,0.9889419717047434,1.1092736,1.0728399161829287,735.693,842.39996,0.0583513010855308,0.0222507357709442,0.0015436946798305,0.03858481,0.025700008,0.0020507402,0.1120808675642526,0.0492067501932597,0.00053598,0.00034253648,761.6707,861.7442,799.79724,874.4729,892.2405,1018.305,0.47566596773772474,0.49144045194670116
CONCEPT_79,store id,CONCEPT_77,shipments,OC_ORACLE,1,0,0,0,0,1,0,0,0,0,store id:shipments:OC_ORACLE,shipments store id,shipments store id numeric foreign key,0.7765811,0.8730799216560738,1.0971352,1.057715276406792,1.0961668,1.0832080329949645,787.1173,811.1498,0.066981342264775,0.0257859500737608,0.0019439563227195,0.03632699,0.020815989,0.002641264,0.1543298570613757,0.0797826849314067,0.0004929442,0.0002764221,806.7168,812.3469,846.4887,836.6744,936.7479,971.86975,0.4666173650165055,0.40149017804672404
CONCEPT_80,customer id,CONCEPT_77,shipments,OC_ORACLE,1,0,0,0,0,1,0,0,0,0,customer id:shipments:OC_ORACLE,shipments customer id,shipments customer id numeric foreign key,0.6995182,0.8844932235455572,1.0398299,1.0501109201179228,1.0366436,1.0756923151344764,781.9005,767.14185,0.0671474853693433,0.0234733915886677,0.0012756150575823,0.025299095,0.019767722,0.0025138122,0.1590145060230498,0.0792542682732105,0.0003444214,0.00026203136,807.5728,764.0994,849.68066,791.9893,941.8008,940.42926,0.34684464243180824,0.22658430421221845
CONCEPT_81,delivery address,CONCEPT_77,shipments,OC_ORACLE,0,1,0,0,0,0,0,0,0,0,delivery address:shipments:OC_ORACLE,shipments delivery address,shipments delivery address text,0.9105458,0.966389748456376,1.1216983,1.0830145635279445,1.1233479,1.0816829616192456,810.5901,921.355,0.0694942035333824,0.0451048439371796,0.0042962400276312,0.04918763,0.04072992,0.0028412791,0.1730165003674745,0.1487844635049658,0.00068578107,0.0005545232,834.48157,931.4422,883.9388,957.54205,972.6859,1102.0582,0.7150078085004423,0.6837626939244484
CONCEPT_82,shipment status,CONCEPT_77,shipments,OC_ORACLE,0,1,0,0,0,0,0,0,0,0,shipment status:shipments:OC_ORACLE,shipments shipment status,shipments shipment status text,0.9150331,0.810931775079398,1.1534723,1.083735562109832,1.1465379,1.1317381759886689,732.91724,895.72034,0.058880321914069,0.0354030296527363,0.0017219284721453,0.049858365,0.040924136,0.0020143979,0.1103500005707407,0.0909082902919069,0.0006935449,0.00055866106,771.7302,906.10565,806.5032,934.60266,898.51587,1072.9861,0.6345285547693946,0.6912574900920093
CONCEPT_84,order id,CONCEPT_83,order items,OC_ORACLE,1,0,0,0,0,1,0,0,0,0,order id:order items:OC_ORACLE,order items order id,order items order id numeric foreign key,0.712997,0.8414711645810593,0.9774573,1.0049132792380062,0.97665536,1.125190735209164,694.5991,804.3984,0.0470328915004568,0.0267129908880277,0.0017360281159429,0.017687928,0.012367488,0.0012950563,0.0902186880854934,0.0591192093013953,0.00024366209,0.00015859694,753.98865,807.7728,783.3401,822.97754,895.499,972.72174,0.2632949765122352,0.17514320301871017
CONCEPT_85,line item id,CONCEPT_83,order items,OC_ORACLE,1,0,0,0,0,0,0,0,0,0,line item id:order items:OC_ORACLE,order items line item id,order items line item id numeric,0.7464378,1.014102801701326,1.0385243,1.1177799818670675,1.0388739,1.210840876722647,789.3028,827.3396,0.0596972753803661,0.0389981619220024,0.0048497176693923,0.027071783,0.02309951,0.0023901088,0.1484376681715288,0.0945350227283331,0.00035885314,0.00030117936,855.1728,839.753,868.1746,857.07245,988.2529,1003.0006,0.47425381632751623,0.31278275674768635
CONCEPT_86,product id,CONCEPT_83,order items,OC_ORACLE,1,0,0,0,0,1,0,0,0,0,product id:order items:OC_ORACLE,order items product id,order items product id numeric foreign key,0.63660496,0.8517979888649715,0.9839115,1.0047139910398633,0.9823612,1.1587444056926437,713.58044,747.7957,0.0484990893842712,0.0282297389751417,0.0012597404409706,0.010845702,0.008908951,0.0014414574,0.1023856522282927,0.0605146077941627,0.00015093347,0.0001161022,784.1284,748.3941,809.6541,759.47864,913.865,912.0813,0.19082883649723995,0.048564405397933184
CONCEPT_87,unit price,CONCEPT_83,order items,OC_ORACLE,1,0,0,0,0,0,0,0,0,0,unit price:order items:OC_ORACLE,order items unit price,order items unit price numeric,0.7879513,0.9531871250116112,1.0799518,1.033058796073202,1.0813468,1.2009177325640077,750.53033,855.8116,0.057755149959665,0.0384706591472028,0.0009682867928806,0.036338106,0.022426674,0.0016175819,0.1547901581029638,0.0936880606863085,0.00049550616,0.000301947,806.88434,850.56696,835.8026,851.80347,952.4758,1020.56287,0.5379794966552627,0.4361986651816212
CONCEPT_88,quantity,CONCEPT_83,order items,OC_ORACLE,1,0,0,0,0,0,0,0,0,0,quantity:order items:OC_ORACLE,order items quantity,order items quantity numeric,0.7593408,0.7929051988325062,1.0407335,1.081343436583529,1.0503687,1.1110854035939048,670.78735,823.0698,0.0461350754584361,0.0278288983237284,0.0017473370011142,0.03127194,0.020820135,0.0016542883,0.0907002109400988,0.053286864022695,0.00041825336,0.00027920076,736.5064,833.177,756.5371,846.13214,870.0836,1004.11926,0.3768016769358504,0.34464152683638305
CONCEPT_89,shipment id,CONCEPT_83,order items,OC_ORACLE,1,0,0,0,0,1,0,0,0,0,shipment id:order items:OC_ORACLE,order items shipment id,order items shipment id numeric foreign key,0.71816343,0.908389257564872,1.0253491,1.0219754482493253,1.0221046,1.205569251458993,727.06177,796.8651,0.0512463155867058,0.0311487092243934,0.0035273340681192,0.022681652,0.015227665,0.0035858864,0.1107475373789339,0.0764726497259477,0.00031711825,0.00020326435,788.3686,813.36865,822.13354,819.7401,937.7321,970.4744,0.36352103648181155,0.24200263874667288
CONCEPT_91,inventory id,CONCEPT_90,inventory,OC_ORACLE,1,0,0,0,1,0,0,0,0,0,inventory id:inventory:OC_ORACLE,inventory inventory id,inventory inventory id numeric primary key,0.91437083,0.729711784477234,1.1092339,1.0101372460921516,1.1146258,1.1464814008657442,695.2323,957.6841,0.0528433586213831,0.0390494021078675,0.0011562120452557,0.049062025,0.025547527,0.0015338025,0.0962511001439467,0.047950225247682,0.0006905727,0.0003406628,735.12964,981.47186,758.22754,995.11865,846.2312,1130.2899,0.6004414659594397,0.7012257614412803
CONCEPT_92,store id,CONCEPT_90,inventory,OC_ORACLE,1,0,0,0,0,1,0,0,0,0,store id:inventory:OC_ORACLE,inventory store id,inventory store id numeric foreign key,0.842797,0.8371970025422802,1.095609,1.0310837877942975,1.098998,1.1783814186666737,746.3466,893.3001,0.0612441011620436,0.0444372657503629,0.002236622827455,0.042176764,0.016849577,0.0016616816,0.1394389940412988,0.0809365854256937,0.0005932818,0.000221707,778.78125,908.919,804.6845,926.3355,890.6411,1064.4442,0.5586043643450271,0.5551291295779767
CONCEPT_93,product id,CONCEPT_90,inventory,OC_ORACLE,1,0,0,0,0,1,0,0,0,0,product id:inventory:OC_ORACLE,inventory product id,inventory product id numeric foreign key,0.74542904,0.8104566654816235,1.0407109,1.0250047511367668,1.0435511,1.179945638970693,733.17426,821.9354,0.059690283433985,0.043976007908793,0.0011806673159105,0.025576502,0.013907281,0.0011277635,0.1305812831057659,0.0778289468537641,0.0003685568,0.00018229085,778.5141,832.24316,805.2617,840.994,882.9554,989.28687,0.3564706146939498,0.30587476572215344
CONCEPT_94,product inventory,CONCEPT_90,inventory,OC_ORACLE,1,0,0,0,0,0,0,0,0,0,product inventory:inventory:OC_ORACLE,inventory product inventory,inventory product inventory numeric,0.8180609,0.7595540754583244,1.063176,1.066737851999784,1.0588847,1.2382664410266322,684.1637,857.9489,0.0532851512741917,0.048349852046585,0.0011033122394623,0.029201237,0.026953658,0.002193644,0.0977439762113862,0.0897294098797766,0.0003966236,0.0003639902,731.6679,862.5656,756.0072,872.34143,836.76624,1025.6068,0.38749254038788294,0.4108431389863073
CONCEPT_97,customernumber,CONCEPT_96,customers,OC_MYSQL,1,0,0,0,0,0,1,0,0,0,customernumber:customers:OC_MYSQL,customers customer number,customers customer number numeric not null,0.7367254,0.5657534311115174,0.9926737,0.9961964394264752,0.9948581,1.0076579784267143,527.63214,826.59485,0.0247365459501266,0.0172834236767275,0.0017860408319357,0.02811634,0.015227278,0.0021951767,0.060750918511591,0.047067525518908,0.00039459267,0.00020338573,566.0549,830.4729,587.4228,855.30963,704.21265,1030.4648,0.2264170261279149,0.30429785332619563
CONCEPT_98,customername,CONCEPT_96,customers,OC_MYSQL,0,1,0,0,0,0,1,0,0,0,customername:customers:OC_MYSQL,customers customer name,customers customer name text not null,0.737654,0.5718664290710219,1.0003394,0.9829881178809298,1.0021366,1.0078101192587956,521.09973,844.1719,0.0244339794797028,0.0148268656710063,0.0013531772968461,0.028001452,0.010742118,0.0023371575,0.0558531796635528,0.0393444263015734,0.00039761825,0.00014530068,573.73346,812.5917,594.01556,850.2048,700.7331,1030.0164,0.23679353219936475,0.311915966424795
CONCEPT_99,contactlastname,CONCEPT_96,customers,OC_MYSQL,0,1,0,0,0,0,1,0,0,0,contactlastname:customers:OC_MYSQL,customers contact lastname,customers contact lastname text not null,0.75646424,0.8599792766679103,1.0160234,1.1506917972838304,1.0146211,0.9934035275276302,673.5918,854.9707,0.045889836753168,0.0348958792483296,0.0017467728534152,0.028437832,0.021109715,0.0027513,0.1750046930043147,0.1463794865030389,0.00039558622,0.00028457234,713.0535,833.36206,738.3843,873.4801,856.3194,1040.6738,0.4157489355630632,0.3450348348906079
CONCEPT_100,contactfirstname,CONCEPT_96,customers,OC_MYSQL,0,1,0,0,0,0,1,0,0,0,contactfirstname:customers:OC_MYSQL,customers contact first name,customers contact first name text not null,0.7747488,0.8443582242879096,1.0187597,1.167248464304836,1.0180732,0.9953903847673754,669.0812,873.4758,0.0455855449321363,0.0351628505807849,0.0044271409899073,0.029870937,0.019987343,0.0038234417,0.1471888941695904,0.1156498916204763,0.00041691793,0.0002726536,718.61365,851.2395,734.70544,889.52466,836.8558,1052.1798,0.42660913489269264,0.37604745112580773
CONCEPT_101,phone,CONCEPT_96,customers,OC_MYSQL,0,1,0,0,0,0,1,0,0,0,phone:customers:OC_MYSQL,customers phone,customers phone text not null,0.7942133,0.7050058197952133,1.0031513,1.0195453401695078,1.013007,0.995300187668132,576.5513,836.1978,0.0323294116192386,0.0237000628305461,0.0033507051486794,0.031652916,0.024181632,0.0019518541,0.1007905079691466,0.0806611006330136,0.00042671882,0.00031109937,619.8042,851.31,638.9615,873.93286,750.47766,1045.4479,0.33520069546373965,0.3732942607505739
CONCEPT_102,addressline1,CONCEPT_96,customers,OC_MYSQL,0,1,0,0,0,0,1,0,0,0,addressline1:customers:OC_MYSQL,customers address line 1,customers address line 1 text not null,0.7243795,0.7996278864488168,1.0163245,1.1665815226522276,1.0146393,0.994676254623343,636.84314,822.32947,0.041626604170421,0.0336256418714832,0.0016494362642865,0.027564155,0.022454344,0.002313323,0.1000036363400316,0.0769915396800552,0.000379649,0.0003127849,686.5367,829.7211,702.88605,865.8301,821.9201,1028.7593,0.3673554195016827,0.30933697311816843
CONCEPT_103,addressline2,CONCEPT_96,customers,OC_MYSQL,0,1,0,0,0,0,0,1,0,0,addressline2:customers:OC_MYSQL,customers address line 2,customers address line 2 text default,0.74083996,0.7937762834233032,1.0293714,1.158273087001308,1.0286673,0.994676254623343,632.6921,851.6144,0.0412730202576977,0.0328389066295746,0.0019696527498977,0.029912421,0.02542541,0.001918925,0.0976313682955657,0.0733590067447512,0.0004075778,0.0003532375,685.9952,852.46497,699.8539,885.67957,818.4861,1051.7596,0.4040471420788432,0.3596743539473518
CONCEPT_104,city,CONCEPT_96,customers,OC_MYSQL,0,1,0,0,0,0,1,0,0,0,city:customers:OC_MYSQL,customers city,customers city text not null,0.81990224,0.6591520162489185,1.0115745,1.0124741506260555,1.0099446,1.0007073430665987,578.79565,901.44794,0.0299735025148456,0.0200052428706672,0.0014904381932136,0.031085366,0.024204299,0.0015053726,0.0839006056949258,0.0571085190123253,0.00044499306,0.0003449413,622.4773,882.16797,641.8281,933.1583,763.7326,1094.7174,0.3647789810968749,0.44427701184877477
CONCEPT_105,state,CONCEPT_96,customers,OC_MYSQL,0,1,0,0,0,0,0,1,0,0,state:customers:OC_MYSQL,customers state,customers state text default,0.7629474,0.6875243271182179,1.017481,1.0108089793580133,1.0186435,0.994676254623343,579.51434,868.0929,0.0322078242138363,0.0227733727905728,0.0037870674524466,0.031907823,0.026049383,0.0012611557,0.0927118877717793,0.0685894816838392,0.00044329223,0.00035327408,624.7425,851.01263,645.26294,889.50903,756.5892,1042.6561,0.34097357069208084,0.3688069705982331
CONCEPT_106,postalcode,CONCEPT_96,customers,OC_MYSQL,0,1,0,0,0,0,0,1,0,0,postalcode:customers:OC_MYSQL,customers postal code,customers postal code text default,0.7745025,0.7777141917182169,1.0284153,1.0908815987748643,1.0279164,0.9945536989020332,633.7893,834.6273,0.0396864282387869,0.031968399451095,0.0021760071429247,0.028165964,0.026517756,0.0016634561,0.1383077497771531,0.1241220108509954,0.00037979343,0.00035316756,669.934,834.8935,697.60754,895.9125,815.5219,1054.8865,0.3873009396462562,0.3730767929695965
CONCEPT_107,country,CONCEPT_96,customers,OC_MYSQL,0,1,0,0,0,0,1,0,0,0,country:customers:OC_MYSQL,customers country,customers country text not null,0.7876468,0.6628143629413072,1.0156058,1.0100544770087732,1.0175282,1.0035590910397305,564.47375,884.82513,0.0298655360988005,0.0200217260056371,0.0014107839093664,0.034351274,0.02434876,0.0012895614,0.0800467127579441,0.0539596127257009,0.00047361114,0.0003198317,611.12946,866.24445,642.4439,918.5908,751.00806,1082.2678,0.3697594049670742,0.4267913674716998
CONCEPT_108,salesrepemployeenumber,CONCEPT_96,customers,OC_MYSQL,1,0,0,0,0,0,0,1,0,0,salesrepemployeenumber:customers:OC_MYSQL,customers sales rep employee number,customers sales rep employee number numeric default,0.8123841,0.9668554065655568,1.0829512,1.3998627061779343,1.0800952,1.0875150540385754,737.46985,867.8008,0.0599222838288509,0.0503752831109038,0.0035047135035587,0.036560543,0.03247765,0.002888456,0.2684469674914676,0.2359012655188999,0.00050311704,0.00043401378,777.46936,859.437,793.7367,899.76965,906.0105,1052.7035,0.5775581291040122,0.48379110821310745
CONCEPT_109,creditlimit,CONCEPT_96,customers,OC_MYSQL,0,0,0,0,0,0,0,1,0,0,creditlimit:customers:OC_MYSQL,customers credit limit,customers credit limit default,0.8514309,0.797307285042225,1.0829784,1.1448943880617943,1.0981939,0.9969143189138532,653.89813,942.12115,0.0444353701347085,0.0362124654368879,0.0062499829334666,0.041963354,0.035037164,0.0011613314,0.1574665135006115,0.1412970404998109,0.000582031,0.00046346287,696.2683,930.8269,713.2489,987.39154,830.1332,1143.8154,0.5888688109371917,0.612713628567131
CONCEPT_111,employeenumber,CONCEPT_110,employees,OC_MYSQL,1,0,0,0,0,0,1,0,0,0,employeenumber:employees:OC_MYSQL,employees employee number,employees employee number numeric not null,0.89023614,0.7043789495100247,1.0999037,1.002765131689661,1.0962118,1.05801890292182,642.64,874.29926,0.030692376653238,0.0277425905552846,0.0023151800713521,0.037368584,0.03362987,0.0026518696,0.0828279569315001,0.0611526688322857,0.000511337,0.00046078605,677.12646,890.695,704.42773,937.04456,810.21497,1074.8907,0.4693349777188305,0.5686819847427688
CONCEPT_112,lastname,CONCEPT_110,employees,OC_MYSQL,0,1,0,0,0,0,1,0,0,0,lastname:employees:OC_MYSQL,employees lastname,employees lastname text not null,0.8996558,0.8763352061255132,1.0651664,1.1595685551395698,1.078943,1.0923172833848191,720.3812,915.4177,0.0399179683442321,0.0360829773825485,0.0033009467162516,0.034124997,0.0340739,0.00419156,0.1402350823685316,0.1195819463580322,0.00045762668,0.00045693666,761.1164,900.4959,795.0534,956.26337,906.7157,1101.1948,0.5379045697464115,0.5490647932051069
CONCEPT_113,firstname,CONCEPT_110,employees,OC_MYSQL,0,1,0,0,0,0,1,0,0,0,firstname:employees:OC_MYSQL,employees first name,employees first name text not null,0.8895974,0.8294304961699897,1.0574899,1.067920055973095,1.0505799,1.0714625902486528,690.2366,921.6581,0.0362124493342878,0.0328340606421906,0.0028090515525434,0.033835288,0.033709157,0.0031521206,0.1091851464311122,0.0934219717806549,0.00045111668,0.00044857766,741.9927,899.12317,764.4781,956.37964,862.54016,1098.2407,0.5011040058600676,0.5315685515192768
CONCEPT_114,extension,CONCEPT_110,employees,OC_MYSQL,0,1,0,0,0,0,1,0,0,0,extension:employees:OC_MYSQL,employees extension,employees extension text not null,0.92965156,0.8058125291870099,1.1317558,1.0398608250467254,1.1270131,1.0813374680333587,678.5918,934.9597,0.0357120835251898,0.0319880241875009,0.0060092417868958,0.04199052,0.040607557,0.0013825087,0.1012721464625932,0.0866423062813722,0.0005826654,0.0005627592,719.5425,916.9719,755.10095,988.7863,861.2405,1115.3695,0.6102521318263568,0.6790572561856265
CONCEPT_115,email,CONCEPT_110,employees,OC_MYSQL,0,1,0,0,0,0,1,0,0,0,email:employees:OC_MYSQL,employees email,employees email text not null,0.93495256,0.7864997337533142,1.0826858,1.0345256565924197,1.0831605,1.0686451440553044,660.54767,930.55096,0.0317202787819658,0.0282082790869109,0.0040028229658055,0.03793208,0.03560975,0.0010398352,0.1012550306112716,0.0785316175721313,0.0005083003,0.00047705555,706.1949,917.59686,734.29987,986.03687,845.98083,1125.6619,0.5415418723555354,0.6242851222593426
CONCEPT_116,officecode,CONCEPT_110,employees,OC_MYSQL,0,1,0,0,0,0,1,0,0,0,officecode:employees:OC_MYSQL,employees office code,employees office code text not null,0.9009271,0.8925104124038569,1.0348709,1.0944404503282226,1.0525295,1.0822220048558493,726.7565,902.4213,0.0402395106179032,0.0367143409629509,0.0046371788391951,0.034915153,0.023088502,0.0029171894,0.1462589289873543,0.1260552617267761,0.00046974389,0.00030524333,758.12683,923.4553,788.8125,977.5171,900.575,1123.7948,0.5449110166472246,0.5480202422037006
CONCEPT_117,reportsto,CONCEPT_110,employees,OC_MYSQL,1,0,0,0,0,0,0,1,0,0,reportsto:employees:OC_MYSQL,employees reports to,employees reports to numeric default,1.0009915,0.9174563853238628,1.1263245,1.151906867917402,1.1389184,1.125890576937436,725.1396,992.9439,0.0470405560315949,0.0436184272807909,0.0060766621355391,0.046214957,0.04516396,0.00071620423,0.1653347041329184,0.135347754489893,0.00062215305,0.0006044964,762.6439,993.678,783.95264,1056.176,900.47327,1189.8317,0.7431959383206906,0.7961187913346582
CONCEPT_118,jobtitle,CONCEPT_110,employees,OC_MYSQL,0,1,0,0,0,0,1,0,0,0,jobtitle:employees:OC_MYSQL,employees job title,employees job title text not null,0.91755515,0.900724947901514,1.1096952,1.1587954113080188,1.1179839,1.1138164391067318,738.3011,960.6507,0.0437799162579098,0.0400985222675536,0.0052737274060728,0.04279395,0.04250893,0.0015692716,0.1542220569734584,0.1381122262835193,0.0005521748,0.00054921163,783.269,949.7751,810.59607,999.9825,910.9239,1139.7388,0.653669360745895,0.6628280399301879
CONCEPT_120,officecode,CONCEPT_119,offices,OC_MYSQL,0,1,0,0,0,0,1,0,0,0,officecode:offices:OC_MYSQL,offices office code,offices office code text not null,0.90922767,0.7810641697052582,1.0882798,1.0343425436294018,1.0796808,1.0659545879443002,696.8065,927.4466,0.0324324164350834,0.0215180643038889,0.0019191573576112,0.040156003,0.023498898,0.0017330538,0.0947644066968841,0.0820835136278431,0.0005580772,0.00031934943,737.48914,953.6655,787.984,987.16956,912.0547,1147.6959,0.5791785806108041,0.6485802340435781
CONCEPT_121,city,CONCEPT_119,offices,OC_MYSQL,0,1,0,0,0,0,1,0,0,0,city:offices:OC_MYSQL,offices city,offices city text not null,0.97430676,0.8299648519278381,1.0723752,1.043726458485218,1.0665052,1.079809091684757,735.92944,1001.20935,0.0337947908924225,0.0231666740067293,0.0013157283687539,0.038352456,0.028555756,0.0016441885,0.1015493018706057,0.0818704480854567,0.0005344562,0.00039282776,780.2605,1011.0618,825.568,1048.3065,954.206,1209.5293,0.636304930830119,0.7202105592915085
CONCEPT_122,phone,CONCEPT_119,offices,OC_MYSQL,0,1,0,0,0,0,1,0,0,0,phone:offices:OC_MYSQL,offices phone,offices phone text not null,0.93008417,0.8758186554741328,1.0578818,1.0582715185170486,1.0535207,1.061782650214869,735.769,921.8551,0.0367964210023156,0.0265642623783295,0.0027652403816607,0.038412593,0.027150238,0.0019623097,0.1216806931441845,0.0991529588556502,0.00052635587,0.00036427705,779.54346,950.9508,824.4985,966.2814,944.0646,1126.0586,0.5766266403901771,0.6073713523768249
CONCEPT_123,addressline1,CONCEPT_119,offices,OC_MYSQL,0,1,0,0,0,0,1,0,0,0,addressline1:offices:OC_MYSQL,offices address line 1,offices address line 1 text not null,0.88003874,0.9704407221277366,1.0466124,1.2036481700287645,1.0443065,1.0716061945354831,794.40625,900.1273,0.0458834190226322,0.0344306347218902,0.001186689962662,0.033749625,0.01982602,0.0023427128,0.1115077707216638,0.1040530766946631,0.00047283448,0.00027962777,843.1804,924.0303,886.62604,953.6322,1015.1821,1110.0748,0.5868860846825869,0.5340711426006721
CONCEPT_124,addressline2,CONCEPT_119,offices,OC_MYSQL,0,1,0,0,0,0,0,1,0,0,addressline2:offices:OC_MYSQL,offices address line 2,offices address line 2 text default,0.8752482,0.9645891191022228,1.0480782,1.1949403016141018,1.0460418,1.0724982753337338,791.3752,925.5487,0.045687762352715,0.0353249666068568,0.0016855572458141,0.036082726,0.021956543,0.0021241663,0.1091189749189708,0.1008938461256704,0.00049375877,0.0003056654,843.1821,941.8809,884.7191,969.8971,1012.03625,1130.0521,0.6090008570943879,0.5563514255112678
CONCEPT_125,state,CONCEPT_119,offices,OC_MYSQL,0,1,0,0,0,0,0,1,0,0,state:offices:OC_MYSQL,offices state,offices state text default,0.9257539,0.8583371627971376,1.106914,1.052554566401316,1.1115873,1.0823557227057303,739.3499,961.7862,0.0370075367591365,0.0271495786109141,0.0037178718148335,0.041535053,0.028707406,0.0013054926,0.11323068344427,0.0900159069542156,0.00056122575,0.00038567817,783.38464,970.56036,829.6094,989.1129,949.2654,1148.0391,0.6382997615496211,0.6758703875036784
CONCEPT_126,country,CONCEPT_119,offices,OC_MYSQL,0,1,0,0,0,0,1,0,0,0,country:offices:OC_MYSQL,offices country,offices country text not null,0.9123215,0.8336271986202268,1.0814402,1.0250867067977087,1.0740621,1.072537429035921,721.89954,957.22327,0.0341142659903536,0.0231405043641901,0.0013716775854299,0.037807267,0.031429898,0.0016647871,0.1003623375389859,0.0776031827230168,0.0005151226,0.00042415355,769.3932,961.7929,825.883,999.9407,942.5214,1160.7527,0.5981264306714975,0.6407074728734304
CONCEPT_127,postalcode,CONCEPT_119,offices,OC_MYSQL,0,1,0,0,0,0,1,0,0,0,postalcode:offices:OC_MYSQL,offices postal code,offices postal code text not null,0.94691116,0.9442416196638316,1.0773761,1.104986881504226,1.0755975,1.0983909807464305,784.9155,947.08905,0.0435111775899683,0.0331609426613129,0.0020074746564735,0.04115035,0.024756901,0.001602637,0.1608752279034105,0.1389931915398216,0.0005582907,0.00033017344,820.8827,970.5968,879.28577,1015.1498,1005.4155,1170.569,0.6787586945342459,0.6827093696209006
CONCEPT_128,territory,CONCEPT_119,offices,OC_MYSQL,0,1,0,0,0,0,1,0,0,0,territory:offices:OC_MYSQL,offices territory,offices territory text not null,0.92354745,0.8498422161028579,1.0903331,1.0502843717992676,1.0827664,1.0736554748277003,734.50586,958.1383,0.0366179609136738,0.0258997093453266,0.0048860937657431,0.03849051,0.032338586,0.0012351245,0.1070635735163891,0.0844970682180958,0.0005290615,0.000441944,776.5091,972.9333,826.4158,996.3458,948.65247,1160.5216,0.6190733626707914,0.6598961402204865
CONCEPT_130,ordernumber,CONCEPT_129,orderdetails,OC_MYSQL,1,0,0,0,0,0,1,0,0,0,ordernumber:orderdetails:OC_MYSQL,order details order number,order details order number numeric not null,0.7159001,0.863709283793322,1.0214598,1.0342463871324032,1.0168043,1.1212215215878714,718.27386,802.18066,0.0538443607447369,0.0339773654809772,0.0010478078245279,0.02292362,0.018077696,0.0013533501,0.1099128434103381,0.0833675795366556,0.0003090643,0.00024552023,767.01874,822.6144,772.99194,823.5588,913.7553,988.71686,0.34829037836886134,0.2498027010713208
CONCEPT_131,productcode,CONCEPT_129,orderdetails,OC_MYSQL,0,1,0,0,0,0,1,0,0,0,productcode:orderdetails:OC_MYSQL,order details product code,order details product code text not null,0.6762211,0.8989815199473051,1.0429844,1.066827713936419,1.0375762,1.1875180582004523,740.2493,780.6338,0.0589496269096209,0.0408678416244662,0.0022595981274152,0.02487728,0.020164324,0.0019028289,0.1404934677184889,0.1245648670692005,0.00032711658,0.00027227716,800.1606,788.911,810.5459,806.2547,933.76605,965.2304,0.3720794179298316,0.2291073467697025
CONCEPT_132,quantityordered,CONCEPT_129,orderdetails,OC_MYSQL,1,0,0,0,0,0,1,0,0,0,quantityordered:orderdetails:OC_MYSQL,order details quantity ordered,order details quantity ordered numeric not null,0.75401825,0.946292378323108,1.0411896,1.0344633821064473,1.0374491,1.1676515231702551,751.79865,828.4226,0.0587732264506125,0.0362022794383266,0.0029632861006126,0.028747221,0.021213576,0.0023167736,0.1378547182445521,0.0868967717066784,0.00039431345,0.00028790208,812.36646,847.6946,815.1025,849.7321,963.0263,1012.0276,0.4593727619130904,0.33984268895289116
CONCEPT_133,priceeach,CONCEPT_129,orderdetails,OC_MYSQL,0,0,0,0,0,0,1,0,0,0,priceeach:orderdetails:OC_MYSQL,order details price each,order details price each not null,0.8104332,0.9319519766287796,1.0593418,1.0587870242723978,1.0458852,1.2112797851142716,757.0433,890.5073,0.0605321827312082,0.0368862647469057,0.0037783811058237,0.037122495,0.024833933,0.004013046,0.1532171881127584,0.0931040600036379,0.00051190145,0.00033930177,813.0414,898.79987,817.33,890.4164,951.5095,1065.7559,0.552949746232559,0.47705806740920975
CONCEPT_134,orderlinenumber,CONCEPT_129,orderdetails,OC_MYSQL,1,0,0,0,0,0,1,0,0,0,orderlinenumber:orderdetails:OC_MYSQL,order details order line number,order details order line number numeric not null,0.7305276,1.0067666375648043,1.0514535,1.1487275161120474,1.0498832,1.1390280173539484,797.75964,805.08734,0.0668187815760035,0.0445318332312908,0.000926370839165,0.026983103,0.019976476,0.0020924322,0.1379022937119088,0.1110357888875461,0.0003572792,0.00027007508,847.81616,830.91986,847.4711,833.20605,988.5613,998.758,0.4768200963810457,0.309273947423206
CONCEPT_136,ordernumber,CONCEPT_135,orders,OC_MYSQL,1,0,0,0,0,0,1,0,0,0,ordernumber:orders:OC_MYSQL,orders order number,orders order number numeric not null,0.6982401,0.7192465688104065,0.99315184,1.033439244162871,0.9912327,1.0156013689055925,613.65234,761.8939,0.0378880005596304,0.0188002575797308,0.0015215956272786,0.018714221,0.013422293,0.001449015,0.0981778727810226,0.0523907509963178,0.00025481754,0.00018071062,635.69904,778.75183,683.63275,786.9157,782.9629,953.4221,0.19709912281584357,0.16651587658472033
CONCEPT_137,orderdate,CONCEPT_135,orders,OC_MYSQL,0,0,1,0,0,0,1,0,0,0,orderdate:orders:OC_MYSQL,orders order date,orders order date date not null,0.78348637,0.7976475895379109,1.0338045,1.0495280248072631,1.033851,1.0278668973422314,647.97363,825.1096,0.0450762440152917,0.0228466538453381,0.0011525689382897,0.027204974,0.014508814,0.0018187311,0.1298596258298282,0.0692186234461192,0.00037676046,0.00019080883,675.0628,828.2517,731.03296,846.1595,823.6916,1011.0879,0.36490194239728024,0.34546115517009013
CONCEPT_138,requireddate,CONCEPT_135,orders,OC_MYSQL,0,0,1,0,0,0,1,0,0,0,requireddate:orders:OC_MYSQL,orders required date,orders required date date not null,0.8661302,0.8034833047428405,1.100657,1.0639053985933808,1.1013567,1.055770792042226,652.8036,940.7354,0.0457414183109543,0.0263296854998373,0.003023221227109,0.04109749,0.029879289,0.0013567199,0.1379620877818111,0.0914153953753672,0.00056467135,0.00039905426,684.1772,938.325,731.01434,966.6339,828.4154,1116.5396,0.5779033326699556,0.6076904158233638
CONCEPT_139,shippeddate,CONCEPT_135,orders,OC_MYSQL,0,0,1,0,0,0,0,1,0,0,shippeddate:orders:OC_MYSQL,orders shipped date,orders shipped date date default,0.84192437,0.8613664649466669,1.1031349,1.087729255252561,1.1108111,1.0577920301991832,685.1157,876.5704,0.0515961884921233,0.03126996522081,0.0028004077070571,0.037553634,0.025940478,0.0017640949,0.1715553758498438,0.1098912869130629,0.00051079306,0.00033878908,716.51715,881.5699,767.1492,917.1262,862.00256,1076.5996,0.5592130890271676,0.5419493024291641
CONCEPT_140,status,CONCEPT_135,orders,OC_MYSQL,0,1,0,0,0,0,1,0,0,0,status:orders:OC_MYSQL,orders status,orders status text not null,0.8155169,0.6669947142054512,1.0726821,1.0430152279287712,1.087333,1.03864786492979,606.4054,839.10956,0.0374384022094523,0.02362282633258,0.0022259824854281,0.03396989,0.023533901,0.0013383752,0.091307432146509,0.0660060394610667,0.00047296358,0.0003192428,647.2572,840.5928,687.44666,876.469,779.16846,1010.53394,0.35891079127283665,0.4313324665106625
CONCEPT_141,comments,CONCEPT_135,orders,OC_MYSQL,0,1,0,0,0,0,0,0,0,0,comments:orders:OC_MYSQL,orders comments,orders comments text,0.8123112,0.7229711423532988,1.1087705,1.073441664489889,1.1127497,1.053928175481445,628.9337,865.40845,0.0402405977280128,0.0280679849280697,0.0059459209865654,0.037715863,0.031675454,0.00075772795,0.1057157077171607,0.0899881186059931,0.00051347376,0.00042270808,670.13226,870.9978,707.0796,896.8393,800.40845,1051.8903,0.46832660505015183,0.508062536090166
CONCEPT_142,customernumber,CONCEPT_135,orders,OC_MYSQL,1,0,0,0,0,0,1,0,0,0,customernumber:orders:OC_MYSQL,orders customer number,orders customer number numeric not null,0.67818767,0.7197977557699925,0.9741676,1.022894683366372,0.97325504,1.0509005663576474,611.6089,759.86127,0.0375414089287394,0.0201027563160038,0.001912340574804,0.016069598,0.012931153,0.001875279,0.1081822926505006,0.0717759610647574,0.00022076177,0.00017908817,641.55005,769.6862,683.0094,784.2553,786.9021,958.91797,0.1743179505074009,0.13071301963660548
CONCEPT_144,customernumber,CONCEPT_143,payments,OC_MYSQL,1,0,0,0,0,0,1,0,0,0,customernumber:payments:OC_MYSQL,payments customer number,payments customer number numeric not null,0.82681495,0.8391607530857451,1.1125902,1.04789521472366,1.1018037,1.105382616304428,735.9251,871.8271,0.0539869667592552,0.0442170052465495,0.0018819262422237,0.035596363,0.028685847,0.0027931768,0.1339995462545665,0.1036570927127275,0.00050173345,0.00040513612,789.9864,873.0632,809.36456,903.8198,903.8122,1065.0126,0.5419741441997609,0.5272856798872574
CONCEPT_145,checknumber,CONCEPT_143,payments,OC_MYSQL,0,1,0,0,0,0,1,0,0,0,checknumber:payments:OC_MYSQL,payments check number,payments check number text not null,0.99476224,0.8189056071995662,1.2467961,1.0495398788571384,1.2160586,1.0946794018098105,728.6494,1018.16785,0.0519368566822331,0.0436449353875777,0.0038833501700182,0.055047024,0.051982414,0.0036225952,0.1166423593424221,0.0963997788179478,0.00076106325,0.00072214165,785.2839,1018.64545,804.0284,1059.2651,889.8015,1210.406,0.8550038545458918,0.9579409680222568
CONCEPT_146,paymentdate,CONCEPT_143,payments,OC_MYSQL,0,0,1,0,0,0,1,0,0,0,paymentdate:payments:OC_MYSQL,payments payment date,payments payment date date not null,0.95887345,0.8380369247995836,1.2093638,1.0678915375476,1.2020246,1.1011013632637277,736.037,997.62036,0.0544176206005106,0.0449157691615907,0.0018929717858246,0.052404325,0.04524142,0.0025358696,0.1259568407639164,0.0983228294692259,0.0007391505,0.0006250065,795.8807,978.5073,819.05725,1030.1779,909.01086,1180.093,0.8014059878266183,0.8711015975000048
CONCEPT_147,amount,CONCEPT_143,payments,OC_MYSQL,0,0,0,0,0,0,1,0,0,0,amount:payments:OC_MYSQL,payments amount,payments amount not null,0.99483424,0.8149776220648701,1.2758162,1.05606218760467,1.2499025,1.1156961294751206,730.4252,1013.372,0.0532112820498612,0.046247506416401,0.0036635393116625,0.056426764,0.049538553,0.0039060276,0.121295524074744,0.0914487275298819,0.00080113875,0.00068968494,788.2451,1008.2178,800.2395,1040.8306,895.9514,1202.792,0.8845799129734411,0.9897136334231197
CONCEPT_149,productline,CONCEPT_148,productlines,OC_MYSQL,0,1,0,0,0,0,1,0,0,0,productline:productlines:OC_MYSQL,product lines product line,product lines product line text not null,0.8564251,0.9075700598116015,1.0464903,1.161618643660798,1.0480186,1.2045859307402038,754.5938,888.51416,0.0556627538283119,0.0507140837132866,0.0019036362780124,0.031897057,0.021921411,0.0016211733,0.1723537613550707,0.116314475125812,0.00043646118,0.00029101735,792.3258,905.84814,857.8603,922.8933,937.78345,1084.8876,0.5184466320885706,0.4850803520390303
CONCEPT_150,textdescription,CONCEPT_148,productlines,OC_MYSQL,0,1,0,0,0,0,0,1,0,0,textdescription:productlines:OC_MYSQL,product lines text description,product lines text description text default,0.811718,0.9327214575799544,1.0318897,1.204084821355768,1.0287502,1.2289298303507243,771.4166,855.8672,0.056524778810589,0.0532162006113391,0.0032319157108474,0.02960063,0.022264132,0.0045501357,0.1906839316082513,0.1205181803667542,0.00040367138,0.00029949032,803.81946,875.42993,860.9293,884.8521,955.37573,1034.4922,0.46636979492713915,0.39087174134382996
CONCEPT_151,htmldescription,CONCEPT_148,productlines,OC_MYSQL,0,1,0,0,0,0,0,0,0,0,htmldescription:productlines:OC_MYSQL,product lines html description,product lines html description text,0.80017495,0.946270075256727,1.0387236,1.221888054358095,1.036951,1.2348487115232056,777.7125,877.34326,0.0575682667641506,0.0546151173763003,0.0040542486860826,0.030992888,0.024519846,0.0039153146,0.2022303549519502,0.1305924854771132,0.00041483148,0.00033042952,813.556,887.0705,871.78986,907.85944,972.42535,1052.6226,0.49856277234350155,0.4083234938914696
CONCEPT_152,image,CONCEPT_148,productlines,OC_MYSQL,0,0,0,1,0,0,0,0,0,0,image:productlines:OC_MYSQL,product lines image,product lines image miscellaneous,0.7870291,0.8660607433759759,1.024262,1.1362652346529072,1.0253978,1.1939058360027366,740.6631,843.4036,0.0496805590948371,0.0465680910847641,0.0023804423312776,0.026163675,0.02258823,0.0024307398,0.1475721913878945,0.0872942935317091,0.0003466756,0.00029585496,776.1188,853.70074,827.82214,857.0338,935.48083,1027.119,0.39731658763841976,0.34266053036331784
CONCEPT_154,productcode,CONCEPT_153,products,OC_MYSQL,0,1,0,0,0,0,1,0,0,0,productcode:products:OC_MYSQL,products product code,products product code text not null,0.7523282,0.6538820543087557,0.99531496,0.9800203514491418,0.9963515,0.9928797960028936,550.38116,815.91864,0.0174228587710988,0.0156924971332219,0.0018466059423053,0.023326667,0.020435326,0.002290914,0.0733498638876534,0.0625429000109932,0.00032297836,0.00027776315,602.8465,822.1902,636.8974,845.88904,762.8131,1016.1827,0.2396824751311435,0.2792020538017146
CONCEPT_155,productname,CONCEPT_153,products,OC_MYSQL,0,1,0,0,0,0,1,0,0,0,productname:products:OC_MYSQL,products product name,products product name text not null,0.7595353,0.6154971493534389,0.9939086,0.9732301517438008,0.99367654,0.9925689427293845,533.46576,810.9858,0.0132244745540296,0.0119899522938757,0.0007310091144792,0.015743457,0.013136116,0.00080105074,0.056487128634318,0.0414909800353031,0.00021003567,0.00017890039,596.8487,802.96277,625.73315,802.52795,744.26294,982.48425,0.1495033816274598,0.21461392652167838
CONCEPT_156,productline,CONCEPT_153,products,OC_MYSQL,0,1,0,0,0,0,1,0,0,0,productline:products:OC_MYSQL,products product line,products product line text not null,0.7878301,0.6773768543020893,1.0010235,0.99144982609494,1.006623,0.9912153859938694,556.95294,835.50525,0.017142812311693,0.0144811694707118,0.0015382523261931,0.02038881,0.014788739,0.0017413736,0.078369751302644,0.0599736252761768,0.00027772228,0.00019280135,611.7417,847.63525,643.06616,854.79285,767.75977,1029.9619,0.2528857729890789,0.3020596971019479
CONCEPT_157,productscale,CONCEPT_153,products,OC_MYSQL,0,1,0,0,0,0,1,0,0,0,productscale:products:OC_MYSQL,products product scale,products product scale text not null,0.80992866,0.7493263299418069,1.0196798,1.0154934880054882,1.0278426,0.9843900057543196,598.7872,854.41437,0.0226051737689173,0.0204676323116685,0.0091775968021583,0.028224507,0.027024135,0.0010200853,0.0975087319633917,0.077230468328883,0.0003769116,0.00035929144,656.43396,869.6811,692.9607,879.6491,823.79803,1041.8385,0.35258256447083686,0.3763752756803757
CONCEPT_158,productvendor,CONCEPT_153,products,OC_MYSQL,0,1,0,0,0,0,1,0,0,0,productvendor:products:OC_MYSQL,products product vendor,products product vendor text not null,0.7572883,0.671034518027845,0.99996525,0.9834700768346556,1.0065134,0.9867184242372672,560.67554,827.609,0.0188559241844453,0.0170852026925526,0.0064005344682926,0.027849862,0.027389154,0.0021821565,0.0746913527772836,0.0674339429364132,0.0003662013,0.00036010184,616.756,820.933,656.56744,829.19855,774.14685,996.0252,0.2512436482961978,0.284517006881118
CONCEPT_159,productdescription,CONCEPT_153,products,OC_MYSQL,0,1,0,0,0,0,1,0,0,0,productdescription:products:OC_MYSQL,products product description,products product description text not null,0.7908519,0.6021385278248086,0.99699885,0.9915121392307036,0.9981813,0.9923182007086176,525.53015,841.50366,0.0115772026388294,0.0098193454770281,0.0012429698405113,0.017931981,0.015589394,0.0010888482,0.0535220323077642,0.0332719675693298,0.00023379194,0.00020437303,581.3383,848.4566,613.9976,842.8989,737.9961,1001.64343,0.16916213457797494,0.2614528207052077
CONCEPT_160,quantityinstock,CONCEPT_153,products,OC_MYSQL,1,0,0,0,0,0,1,0,0,0,quantityinstock:products:OC_MYSQL,products quantity in stock,products quantity in stock numeric not null,0.80481577,0.93889138176596,1.0572269,1.3258677323320005,1.0590504,1.0726381137464864,720.2979,849.8855,0.0421231904310782,0.0391311150462671,0.0049884869483402,0.033837702,0.030659154,0.0043202606,0.2316193836769899,0.1753443651156183,0.0004517882,0.00041781846,769.91864,858.51575,797.08014,866.7687,906.3504,1028.92,0.5029711844453615,0.41971623478026454
CONCEPT_161,buyprice,CONCEPT_153,products,OC_MYSQL,0,0,0,0,0,0,1,0,0,0,buyprice:products:OC_MYSQL,products buy price,products buy price not null,0.830921,0.9120367991444212,1.0435013,1.2497600787237992,1.046468,1.0278435719519754,693.899,896.425,0.0377824893306731,0.0336949218747606,0.0037309216425519,0.03273145,0.027145507,0.0028843742,0.2079942170072511,0.1539481798330469,0.00042975973,0.0003640709,754.7566,887.0596,783.5561,895.00946,898.37445,1072.6194,0.5057806869582961,0.4537904370779192
CONCEPT_162,msrp,CONCEPT_153,products,OC_MYSQL,0,0,0,0,0,0,1,0,0,0,msrp:products:OC_MYSQL,products m srp,products m srp not null,0.8656494,0.8652848277592602,1.0935063,1.14384477529388,1.1001346,0.9991668384584552,665.1732,932.95703,0.0324224496131728,0.0303535498926734,0.0070366329456887,0.037963822,0.03660439,0.0006810641,0.156595239650001,0.1350395433130855,0.00050436094,0.00048744204,730.7948,937.07043,766.2282,950.7867,896.7824,1106.6044,0.5762758068096745,0.5719158534235365
CONCEPT_165,customerid,CONCEPT_164,customer,OC_HANA,1,0,0,0,1,0,0,0,0,0,customerid:customer:OC_HANA,customer customer id,customer customer id numeric primary key,0.68121654,0.5575589323073423,0.98788244,0.9904618512735748,0.9900986,1.0194142717279766,552.85376,812.58887,0.0264808567786102,0.0131731365933592,0.0028551820031182,0.023397326,0.006214233,0.0014302008,0.0610668175300944,0.0210618090100123,0.00033775592,8.3546445e-05,583.184,793.3304,609.4861,840.49585,721.9662,998.2202,0.17093873788340627,0.2180958736143042
CONCEPT_166,cityid,CONCEPT_164,customer,OC_HANA,1,0,0,0,0,0,0,0,0,0,cityid:customer:OC_HANA,customer city id,customer city id numeric,0.7517447,0.6814954898614627,1.0619484,1.019444359475313,1.0631821,1.0389066243154874,616.2694,865.3348,0.0344584149505095,0.0201816909324837,0.0009261528047656,0.031147247,0.018922003,0.001316114,0.1147551639366095,0.0622152325384718,0.00043560335,0.00026427742,645.26154,850.1318,665.69214,895.51117,784.3697,1055.0889,0.38216062264087625,0.4061891594506898
CONCEPT_167,countryid,CONCEPT_164,customer,OC_HANA,1,0,0,0,0,0,0,0,0,0,countryid:customer:OC_HANA,customer country id,customer country id numeric,0.7310476,0.6692749638406442,1.0335525,1.0165320520273744,1.0290024,1.024026011192929,592.4597,835.4452,0.0326214930231476,0.0186296455878244,0.001494979731958,0.028786855,0.018062362,0.0014253935,0.1023008702073521,0.0580993160803286,0.0004004873,0.00024298376,624.6191,822.08875,657.94104,872.5237,761.6076,1028.4357,0.31728741029033614,0.33487902318513074
CONCEPT_168,regionid,CONCEPT_164,customer,OC_HANA,1,0,0,0,0,0,0,0,0,0,regionid:customer:OC_HANA,customer region id,customer region id numeric,0.76851845,0.6993635616153453,1.0489222,1.0269101741160196,1.0456034,1.062299685549089,618.14453,859.7598,0.036485188287019,0.0217244187631088,0.0030342299716744,0.03393191,0.022681445,0.0011418908,0.1196817856341045,0.0707888621602548,0.0004666557,0.00030332958,651.9837,835.6009,676.8092,891.5828,791.64746,1039.66,0.3791730346015526,0.40405724284877553
CONCEPT_169,customer,CONCEPT_164,customer,OC_HANA,0,1,0,0,0,0,0,0,0,0,customer:customer:OC_HANA,customer customer,customer customer text,0.7805193,0.5959560862599711,1.0027751,1.0101858737121958,1.0101105,1.0120457038532735,548.57904,873.858,0.0284641946657234,0.0179765576618407,0.0028835679301572,0.03380428,0.021441108,0.0025270663,0.074694460274322,0.0617274154604242,0.0004690896,0.00028448238,582.95746,840.7274,609.93713,890.38727,718.96387,1056.883,0.29967244980497565,0.38879431597414726
CONCEPT_170,cityname,CONCEPT_164,customer,OC_HANA,0,1,0,0,0,0,0,0,0,0,cityname:customer:OC_HANA,customer city name,customer city name text,0.8073118,0.684046664783414,1.0255941,1.0350122258638756,1.0252422,0.9986380400101262,611.6583,897.3782,0.0359352096275721,0.0215329637441735,0.0007315587110365,0.03163221,0.02008945,0.0016130937,0.1146414922920376,0.0754213462925585,0.00044567735,0.00028268056,649.48975,868.7072,667.14606,912.55206,772.62006,1084.3704,0.3815757643737804,0.4394551778805027
CONCEPT_171,countryname,CONCEPT_164,customer,OC_HANA,0,1,0,0,0,0,0,0,0,0,countryname:customer:OC_HANA,customer country name,customer country name text,0.7880637,0.7063057712957028,1.0251577,1.0280481772104095,1.0282872,1.0040110232368638,610.1822,887.42334,0.0375568799382767,0.0233101501236973,0.0016095570797015,0.034803957,0.021357475,0.0012071306,0.1220670018309853,0.0879638808256521,0.00048584768,0.00028654808,651.30756,854.1489,681.5893,906.81323,772.4186,1075.1852,0.3998468060589605,0.43332765161518605
CONCEPT_172,regionname,CONCEPT_164,customer,OC_HANA,0,1,0,0,0,0,0,0,0,0,regionname:customer:OC_HANA,customer region name,customer region name text,0.79751563,0.7217654852940018,1.0274419,1.039513714250502,1.0300901,1.0158708879159175,621.3385,883.5645,0.0393120320785319,0.0243726592206728,0.0028067725259055,0.03587875,0.024475327,0.0008593697,0.1221087075504479,0.0862906359649283,0.000500929,0.000326408,663.75574,841.4014,686.50226,899.08685,788.0412,1058.4606,0.401494885588044,0.43250575083358883
CONCEPT_174,productid,CONCEPT_173,product,OC_HANA,1,0,0,0,1,0,0,0,0,0,productid:product:OC_HANA,product product id,product product id numeric primary key,0.72305137,0.5866615820601759,0.99374235,0.9716386657205092,0.998737,1.0048845182823851,574.71857,801.22736,0.0204700030404782,0.017997466172814,0.0012597181361493,0.019513464,0.008575759,0.0017614815,0.063141756457346,0.0288820209809067,0.00028203859,0.00011693896,611.8562,809.0947,645.3349,822.66077,748.55225,975.2041,0.15282063337469806,0.21057846582576664
CONCEPT_175,categoryid,CONCEPT_173,product,OC_HANA,1,0,0,0,0,0,0,0,0,0,categoryid:product:OC_HANA,product category id,product category id numeric,0.75719404,0.7089053891954871,1.0220492,1.0079793429265478,1.024634,1.0155302328934015,628.2892,835.2427,0.0272706567894538,0.0246705318286069,0.0029071685297134,0.022699289,0.014665668,0.001056616,0.1150367105313651,0.0660574038091624,0.0003188652,0.00019294505,673.5192,834.9235,703.53265,851.2674,805.87164,1002.49634,0.27900578017973754,0.2914815416954476
CONCEPT_176,lineid,CONCEPT_173,product,OC_HANA,1,0,0,0,0,0,0,0,0,0,lineid:product:OC_HANA,product line id,product line id numeric,0.7308326,0.6719157755527302,1.0273731,1.0023080593377347,1.0292724,1.0065569141243462,603.1273,815.8737,0.0248788260425065,0.0233246694903525,0.0014129715539277,0.0254805,0.010880637,0.0012473774,0.0970592359138672,0.0598039318699951,0.0003423381,0.00014768845,638.5939,836.10205,667.8191,850.06146,770.13055,1001.51514,0.27059403562299184,0.28660317886406084
CONCEPT_177,productname,CONCEPT_173,product,OC_HANA,0,1,0,0,0,0,0,0,0,0,productname:product:OC_HANA,product product name,product product name text,0.76501054,0.5915012404119373,0.9925607,0.97375791348045,0.992328,0.9920912621124064,542.7603,812.47266,0.0175062191601208,0.0156350902024956,0.0010173319005459,0.017118217,0.014625196,0.0016978962,0.0570384136907462,0.0433080365608026,0.00022994948,0.0001988802,594.26843,807.5502,624.75494,805.2803,723.9986,985.3296,0.14464294158372895,0.22636657553507586
CONCEPT_178,productdescription,CONCEPT_173,product,OC_HANA,0,1,0,0,0,0,0,0,0,0,productdescription:product:OC_HANA,product product description,product product description text,0.81496173,0.5781426188833071,1.0032136,0.9939620702757392,1.0045601,0.9938611082000968,534.44464,856.57623,0.0157244749839707,0.0140000724677452,0.0015903020462058,0.022182241,0.01924163,0.0013611544,0.0524278272942244,0.0365559650425935,0.0002911717,0.0002538715,578.2289,868.3541,612.22156,863.436,718.19183,1018.4059,0.19540739097178025,0.31613164644040237
CONCEPT_179,categoryname,CONCEPT_173,product,OC_HANA,0,1,0,0,0,0,0,0,0,0,categoryname:product:OC_HANA,product category name,product category name text,0.81084675,0.7159514204579065,1.0007292,1.012121254181967,1.0021312,1.0008716645453704,608.49164,870.3552,0.0258882437504972,0.0240346112675044,0.002490292290686,0.021708533,0.019664345,0.0010336454,0.1116525699707229,0.0863778549732013,0.00029309173,0.00026868618,666.8659,847.9463,694.2116,862.1895,791.95306,1030.3364,0.27948955566947076,0.3221404891577997
CONCEPT_180,categorydescription,CONCEPT_173,product,OC_HANA,0,1,0,0,0,0,0,0,0,0,categorydescription:product:OC_HANA,product category description,product category description text,0.83233976,0.7145587017007429,1.0081466,1.0545745481572262,1.0094467,1.010036121395093,602.91266,876.861,0.024344765656631,0.022680002518979,0.0024478853987292,0.022002371,0.021033267,0.0007384612,0.114621918150831,0.0881168338052938,0.0002979964,0.00028340003,653.1769,873.89294,684.23663,875.16394,788.65466,1031.0889,0.2872184630354549,0.34426570084051544
CONCEPT_181,linename,CONCEPT_173,product,OC_HANA,0,1,0,0,0,0,0,0,0,0,linename:product:OC_HANA,product line name,product line name text,0.789674,0.7092887192140936,1.0119117,1.0236913632286813,1.0200906,0.9944929811473951,590.9564,841.6067,0.0248091735535145,0.0227942354779576,0.001061706083273,0.023384145,0.018379362,0.002138931,0.0945849605382619,0.0672058235683057,0.00031272427,0.00024223735,640.80164,845.5015,667.4574,852.9926,765.6391,1022.4817,0.28541794225885475,0.31828680956820354
CONCEPT_182,linedescription,CONCEPT_173,product,OC_HANA,0,1,0,0,0,0,0,0,0,0,linedescription:product:OC_HANA,product line description,product line description text,0.8129601,0.6694435454646114,1.0213267,1.0411749024621295,1.0189731,1.0021462674687376,573.1382,851.6896,0.021618460187689,0.0195514101126638,0.0016893632311921,0.026686639,0.01721704,0.002171341,0.0911850175299233,0.0618132223669672,0.00036263885,0.0002313417,615.16785,877.86,645.712,878.17896,750.22656,1028.8698,0.29430930421562335,0.3637681627606594
CONCEPT_183,discontinued,CONCEPT_173,product,OC_HANA,1,0,0,0,0,0,0,0,0,0,discontinued:product:OC_HANA,product discontinued,product discontinued numeric,0.8852218,0.6871617244537229,1.1372026,1.0040892641029453,1.1288133,1.0153573139928445,595.3828,909.581,0.024987907734653,0.0235780856784818,0.0067684000432514,0.040567692,0.040079158,0.0004903762,0.085254323601693,0.0746840790629501,0.0005602198,0.0005544461,636.2136,906.66187,671.76843,906.7609,777.48694,1078.2279,0.510758314719733,0.6163525985904833
CONCEPT_184,capacity,CONCEPT_173,product,OC_HANA,0,1,0,0,0,0,0,0,0,0,capacity:product:OC_HANA,product capacity,product capacity text,0.82673985,0.7169814759842618,1.0923245,1.0256510156691343,1.1010537,1.0167793481124423,600.64246,878.43146,0.0269758692776353,0.0247397697333056,0.0061614473757831,0.0358116,0.034790833,0.004537012,0.0975478295187078,0.0825722411905198,0.00047347078,0.00045959777,648.4363,882.5458,685.91095,900.2357,798.78815,1060.407,0.44450094236616283,0.496669295984431
CONCEPT_185,screensize,CONCEPT_173,product,OC_HANA,0,1,0,0,0,0,0,0,0,0,screensize:product:OC_HANA,product screen size,product screen size text,0.8627343,0.8341728828616216,1.1250874,1.2070480056195865,1.1457577,1.034815479596234,669.2842,910.96436,0.0324357185997256,0.0310143260980931,0.0102384215117766,0.041023925,0.04072984,0.00060802925,0.1648789597560943,0.1221855733955822,0.0005355406,0.00053094374,713.4215,911.0743,738.33405,931.9659,850.1423,1101.4901,0.5920475268756716,0.6028751057479494
CONCEPT_187,orderid,CONCEPT_186,customerorder,OC_HANA,1,0,0,0,1,0,0,0,0,0,orderid:customerorder:OC_HANA,customer order order id,customer order order id numeric primary key,0.6463038,0.7437849948370069,0.99014497,1.014436399517578,0.9892134,0.9996936195744552,560.2721,752.4669,0.0123947044284048,0.0100644693990989,0.0015314294412878,0.0066499473,0.005156387,0.0015445597,0.0443675717825356,0.0332095805562114,9.093165e-05,6.670108e-05,596.395,759.8839,640.32275,786.4079,806.9499,951.10175,0.14841543766432397,0.07145037787947173
CONCEPT_188,productid,CONCEPT_186,customerorder,OC_HANA,1,0,0,0,0,1,0,0,0,0,productid:customerorder:OC_HANA,customer order product id,customer order product id numeric foreign key,0.6068749,0.7534163021438521,0.9800099,1.011885409324887,0.980311,0.9993594879514116,577.5457,733.45776,0.0152666680786272,0.0117969052597425,0.0020592151459943,0.009844572,0.0058834716,0.0018184487,0.0558222812899636,0.0346155026265507,0.00014148488,7.701725e-05,624.2976,737.8142,667.35675,755.73047,824.8078,914.91864,0.1327807312127477,0.025530703906231175
CONCEPT_189,customerid,CONCEPT_186,customerorder,OC_HANA,1,0,0,0,0,1,0,0,0,0,customerid:customerorder:OC_HANA,customer order customer id,customer order customer id numeric foreign key,0.6508963,0.791569941093992,0.9872268,1.0061223973866054,0.985993,0.9950993784246056,581.51324,767.24695,0.0157619401521985,0.0120408511768422,0.0021763561946023,0.009382234,0.0059884847,0.0018111104,0.0661870691007397,0.0372121066891625,0.00013116188,7.8824094e-05,628.08435,767.95386,666.051,798.5119,837.6269,961.41644,0.19497397453168508,0.09475539716263899
CONCEPT_190,employeeid,CONCEPT_186,customerorder,OC_HANA,1,0,0,0,0,0,0,0,0,0,employeeid:customerorder:OC_HANA,customer order employee id,customer order employee id numeric,0.6992595,0.818657468379152,0.98037887,0.9992441410623408,0.9828441,0.9939719892669407,593.7879,786.3281,0.0188541775995049,0.014337252718088,0.004597200677491,0.022108326,0.018719405,0.0025298188,0.0876808111469053,0.0528270334865135,0.00029486357,0.00024142086,636.6034,775.42017,675.74963,826.64264,846.87244,973.4606,0.2718612164048681,0.18748794293688242
CONCEPT_191,promotionid,CONCEPT_186,customerorder,OC_HANA,1,0,0,0,0,0,0,0,0,0,promotionid:customerorder:OC_HANA,customer order promotion id,customer order promotion id numeric,0.67509085,0.7771432090347988,0.9779189,0.9892248045008945,0.9775403,0.997612382642872,580.9511,782.37573,0.0158915062588751,0.0117816653071912,0.0051439945406465,0.017979247,0.014392612,0.0053467867,0.0671000166554954,0.0441100805900106,0.00024384649,0.00019262766,625.90594,786.75037,659.94904,815.72876,826.99896,974.6967,0.23017118281448715,0.15319990571105704
CONCEPT_192,territoryid,CONCEPT_186,customerorder,OC_HANA,1,0,0,0,0,0,0,0,0,0,territoryid:customerorder:OC_HANA,customer order territory id,customer order territory id numeric,0.7140257,0.8112293414278687,0.9892425,0.9959688832137872,0.989495,0.9912551174545324,602.3304,810.0204,0.0207531894528242,0.0160708639044455,0.0063201884626204,0.023438187,0.020659126,0.0018603327,0.0895952044144997,0.0566705691897344,0.00031773825,0.00028149513,642.67944,820.08594,678.7126,845.603,845.97296,1009.1681,0.31309963314491124,0.2421605905915049
CONCEPT_193,orderperiodid,CONCEPT_186,customerorder,OC_HANA,1,0,0,0,0,0,0,0,0,0,orderperiodid:customerorder:OC_HANA,customer order order period id,customer order order period id numeric,0.6886757,0.8983808786207002,0.9852416,1.0396704117059328,0.9847221,1.0020174397956256,617.65063,798.80884,0.0193020293968114,0.0174350558897501,0.0015169218272234,0.013878946,0.013235175,0.0019313354,0.0742065149474659,0.0684835966628235,0.00018295001,0.00017698015,646.6078,805.10156,700.5898,825.108,871.8288,1006.3207,0.30768130921808556,0.17293847170425022
CONCEPT_194,requiredperiodid,CONCEPT_186,customerorder,OC_HANA,1,0,0,0,0,0,0,0,0,0,requiredperiodid:customerorder:OC_HANA,customer order required period id,customer order required period id numeric,0.7417682,0.9159711514043168,1.0100439,1.0739155152263606,1.0120062,1.0088399068643727,635.3553,836.9478,0.0230267202328947,0.0202179309750081,0.0023383724494082,0.021417087,0.02070093,0.0016542148,0.1057557807082289,0.0949677772491868,0.0002797247,0.00027290988,668.31506,842.1842,714.15765,866.9673,889.6462,1042.138,0.40190701380857485,0.2912100426308356
CONCEPT_195,shippedperiodid,CONCEPT_186,customerorder,OC_HANA,1,0,0,0,0,0,0,0,0,0,shippedperiodid:customerorder:OC_HANA,customer order shipped period id,customer order shipped period id numeric,0.73852974,0.9171433059958328,1.0153867,1.033235039894427,1.0171287,1.0042541243785483,628.31683,822.7898,0.0215410644904234,0.0194255977521077,0.0024295081056217,0.021816865,0.020138334,0.0017249373,0.0962087923690054,0.089514505714416,0.00029113886,0.000266927,659.41943,833.6687,716.25323,859.1164,888.1558,1036.4388,0.4062094556455678,0.2928163689291042
CONCEPT_196,shipperid,CONCEPT_186,customerorder,OC_HANA,1,0,0,0,0,0,0,0,0,0,shipperid:customerorder:OC_HANA,customer order shipper id,customer order shipper id numeric,0.71329635,0.8162468112371059,0.97860456,0.9878796949959658,0.97782826,0.9911430398634428,595.9354,810.59705,0.019320198997319,0.0155253519697224,0.0070967180393191,0.021472797,0.01748805,0.0049620927,0.0843528597850345,0.0591795409132604,0.0002875252,0.00022785187,636.86237,808.83374,686.4531,841.9289,848.66235,996.971,0.2861925845889278,0.21204336456864523
CONCEPT_197,unitprice,CONCEPT_186,customerorder,OC_HANA,1,0,0,0,0,0,0,0,0,0,unitprice:customerorder:OC_HANA,customer order unit price,customer order unit price numeric,0.731811,0.8548054382904919,1.0491341,1.0116172978962157,1.0417479,1.0036150282938416,620.7165,817.96594,0.0258372291640071,0.0191700624065212,0.0010648754910082,0.027013527,0.015593216,0.0009945746,0.1103141219625453,0.0658822094734462,0.00036913986,0.00021341817,651.17676,814.50714,694.90814,822.9231,865.64984,1011.46356,0.4065115535250233,0.32299231715760557
CONCEPT_198,quantity,CONCEPT_186,customerorder,OC_HANA,1,0,0,0,0,0,0,0,0,0,quantity:customerorder:OC_HANA,customer order quantity,customer order quantity numeric,0.7194071,0.6945235121113867,1.0162446,1.007342441161618,1.016495,1.006380335971703,540.77747,789.9898,0.0141218085566499,0.0096656245629979,0.0017096965855452,0.021934772,0.017771952,0.0014264854,0.0467876161539843,0.0328663567478092,0.00028908873,0.00023170095,579.7711,796.8066,617.6213,825.33826,784.3295,994.98645,0.24955476154520906,0.24593653983404506
CONCEPT_199,discount,CONCEPT_186,customerorder,OC_HANA,1,0,0,0,0,0,0,0,0,0,discount:customerorder:OC_HANA,customer order discount,customer order discount numeric,0.74210113,0.7683611243578317,1.0121914,1.0112973423788398,1.0163648,1.0002677210570985,582.9062,802.23755,0.0207776943840654,0.0155228941915034,0.004689129872377,0.026757618,0.022756785,0.004618159,0.0788490328541494,0.0607551177817413,0.00034414258,0.00029341152,616.83203,797.0884,653.6999,831.9862,814.97076,995.16016,0.30616062163878643,0.27650498208548435
CONCEPT_200,unitsales,CONCEPT_186,customerorder,OC_HANA,1,0,0,0,0,0,0,0,0,0,unitsales:customerorder:OC_HANA,customer order unit sales,customer order unit sales numeric,0.7380951,0.880278170770444,1.0787247,1.0190250978780866,1.0759892,0.9994069965421202,623.74963,824.1491,0.0270507721897118,0.0209881805972202,0.004054517191031,0.030435868,0.024758374,0.00303221,0.1186281815226601,0.0805552576374353,0.00041156876,0.00033101617,654.5592,808.2655,696.3921,838.2184,864.5363,999.40784,0.44976524903903414,0.3562835287702038
CONCEPT_201,netsales,CONCEPT_186,customerorder,OC_HANA,1,0,0,0,0,0,0,0,0,0,netsales:customerorder:OC_HANA,customer order net sales,customer order net sales numeric,0.7748993,0.9354049890713791,1.0950474,1.0761803280460156,1.089843,1.0273045852268692,660.1633,857.5785,0.0326651074333448,0.0268165088739058,0.0053182289329441,0.033973087,0.02933988,0.0031028595,0.158566899231108,0.1255230806109015,0.0004612064,0.0003950492,695.8489,824.6669,738.4823,879.7851,895.71326,1032.288,0.5384786809677516,0.4381559380886261
CONCEPT_202,unitcost,CONCEPT_186,customerorder,OC_HANA,1,0,0,0,0,0,0,0,0,0,unitcost:customerorder:OC_HANA,customer order unit cost,customer order unit cost numeric,0.7741193,0.8751763922504521,1.0594184,1.0196197942392466,1.0478885,1.0058535280029717,630.63904,852.90295,0.0268798100818684,0.0199105964740107,0.0033494264578376,0.03018196,0.018884163,0.0018651023,0.1181200244445272,0.0719106842635561,0.0004128177,0.00025697445,663.1638,858.0302,709.46564,866.2351,879.30194,1054.3785,0.477510332152136,0.40967353990194666
CONCEPT_203,freight,CONCEPT_186,customerorder,OC_HANA,0,1,0,0,0,0,0,0,0,0,freight:customerorder:OC_HANA,customer order freight,customer order freight text,0.74320537,0.8257279289182499,1.0644498,1.0451143855822342,1.0614133,0.9984634218519588,610.9396,822.59375,0.0269847042639703,0.0202128401127462,0.0061939654253206,0.0302406,0.027840914,0.0022938198,0.0901677452909121,0.0671471458818428,0.0004050714,0.0003725535,645.5261,815.88135,694.7257,842.4765,854.1038,1007.48413,0.4125689996399087,0.3522001806168843
CONCEPT_204,cost,CONCEPT_186,customerorder,OC_HANA,1,0,0,0,0,0,0,0,0,0,cost:customerorder:OC_HANA,customer order cost,customer order cost numeric,0.7541253,0.7514906077733555,1.026559,1.0120383972679616,1.0253723,1.0016085861554502,573.0763,835.2334,0.0188891945502973,0.0128399567847777,0.0041690464013434,0.02460667,0.014557728,0.0031839814,0.0675500451846036,0.0380205517968355,0.0003324286,0.00019607523,610.2691,843.48193,651.73944,855.82764,816.29333,1046.1235,0.347389473644548,0.3345992947668103
CONCEPT_205,quantityordered,CONCEPT_186,customerorder,OC_HANA,0,1,0,0,0,0,0,0,0,0,quantityordered:customerorder:OC_HANA,customer order quantity ordered,customer order quantity ordered text,0.7056296,0.852369902643126,1.0068082,1.003529231426056,1.0068519,0.9980267659305946,615.1756,773.1967,0.0255180832783761,0.0201004949793002,0.0035170723557939,0.020072157,0.01568119,0.0014643375,0.0967398375015732,0.0726521577753508,0.00026674525,0.00020667585,652.5721,780.5687,692.14343,802.54626,854.33563,975.46313,0.3039600993659136,0.20516689545944714
CONCEPT_206,deliveredperiodid,CONCEPT_186,customerorder,OC_HANA,0,1,0,0,0,0,0,0,0,0,deliveredperiodid:customerorder:OC_HANA,customer order delivered period id,customer order delivered period id text,0.71769863,0.8862830420795266,1.0006423,1.0283682671330443,0.9983151,1.0023454568856986,625.7873,820.16724,0.0230185021945481,0.0198768495245338,0.0041154440468428,0.020932043,0.019449607,0.003495438,0.0907485304070098,0.0824795139972754,0.0002832066,0.00026506287,656.4663,829.1099,711.239,846.55206,874.235,1027.8262,0.3671067602365333,0.25739872375841133
